case,subcase_id,n_clusters,n_obs_per_cluster,method,n_expected,n_read,n_missing,n_oom,n_timeout,n_unknown_missing,n_sim_fail,n_fit_fail,n_pred_fail,n_gp_fail,n_k_fail,n_ci_fail,prop_oom,prop_timeout,prop_unknown_missing,prop_sim_fail,prop_fit_fail,prop_pred_fail,prop_gp_fail,prop_k_fail,prop_ci_fail,mean_time_total,mean_time_fit,max_time_total,max_time_fit
3re,1,50,2,AdaStruMM,100,100,0,0,0,0,0,0,0,0,0,0,0,0,0,0,0,0,0,0,0,0.5012251666666667,0.013977833333333243,0.5606833333333333,0.02806666666666615
3re,1,50,2,FACE,100,100,0,0,0,0,0,0,0,0,0,0,0,0,0,0,0,0,0,0,0,0.09095100000000003,0.023152000000000148,0.11006666666666737,0.02866666666666712
3re,1,50,2,HGAM-GS,100,100,0,0,0,0,0,0,0,0,0,0,0,0,0,0,0,0,0,0,0,0.0653913333333334,0.021241666666667016,0.20441666666667213,0.15966666666666546
3re,1,50,2,Oracle-GP,100,100,0,0,0,0,0,0,0,0,0,0,0,0,0,0,0,0,0,0,0,0.024355000000000057,1.3166666666696378e-5,0.028049999999999877,3.3333333336334664e-5
3re,1,50,2,PACE,100,100,0,0,0,0,0,0,0,0,0,0,0,0,0,0,0,0,0,0,0,0.10735666666666685,0.004804166666666123,0.17415000000000874,0.01756666666666664
3re,1,50,2,bayesFPCA,100,100,0,0,0,0,0,0,0,0,0,0,0,0,0,0,0,0,0,0,0,0.42299833333333425,0.3817226666666659,3.1708000000000234,3.130483333333359
3re,2,50,3,AdaStruMM,100,100,0,0,0,0,0,0,0,0,0,0,0,0,0,0,0,0,0,0,0,0.5110089999999998,0.01655616666666477,0.5554833333333288,0.03296666666666776
3re,2,50,3,FACE,100,100,0,0,0,0,0,0,0,0,0,0,0,0,0,0,0,0,0,0,0,0.06526400000000133,0.015218166666667761,0.07244999999999588,0.021050000000013825
3re,2,50,3,HGAM-GS,100,100,0,0,0,0,0,0,0,0,0,0,0,0,0,0,0,0,0,0,0,0.054072000000000724,0.00988550000000032,0.062016666666674304,0.017899999999993574
3re,2,50,3,Local-GAM,100,100,0,0,0,0,0,0,0,0,0,0,0,0,0,0,0,0,0,0,0,0.07101233333333525,0.0438179999999993,0.07783333333333455,0.0477333333333263
3re,2,50,3,Oracle-GP,100,100,0,0,0,0,0,0,0,0,0,0,0,0,0,0,0,0,0,0,0,0.024868000000000164,1.5166666666649084e-5,0.02858333333333197,3.3333333332545106e-5
3re,2,50,3,PACE,100,100,0,0,0,0,0,0,0,0,0,0,0,0,0,0,0,0,0,0,0,0.09411466666666668,0.008892333333332317,0.1766833333333428,0.01316666666668122
3re,2,50,3,bayesFPCA,100,100,0,0,0,0,0,0,0,0,0,0,0,0,0,0,0,0,0,0,0,0.5118616666666672,0.4717753333333338,3.0412499999999985,2.9922000000000026
3re,3,50,5,AdaStruMM,100,100,0,0,0,0,0,0,0,0,0,0,0,0,0,0,0,0,0,0,0,0.48445549999999793,0.017851000000002386,0.5127833333333304,0.035166666666676366
3re,3,50,5,FACE,100,100,0,0,0,0,0,0,0,0,0,0,0,0,0,0,0,0,0,0,0,0.08165449999999912,0.02061866666666671,0.10843333333333381,0.02939999999999922
3re,3,50,5,HGAM-GS,100,100,0,0,0,0,0,0,0,0,0,0,0,0,0,0,0,0,0,0,0,0.0557341666666667,0.011225166666666685,0.06601666666667066,0.021699999999994665
3re,3,50,5,Local-GAM,100,100,0,0,0,0,0,0,0,0,0,0,0,0,0,0,0,0,0,0,0,0.040008333333332,0.012553666666666989,0.043699999999989816,0.014733333333333576
3re,3,50,5,Oracle-GP,100,100,0,0,0,0,0,0,0,0,0,0,0,0,0,0,0,0,0,0,0,0.023959500000000047,1.5166666666724875e-5,0.028033333333333608,1.6666666670062114e-5
3re,3,50,5,PACE,100,100,0,0,0,0,0,0,0,0,0,0,0,0,0,0,0,0,0,0,0,0.10900699999999963,0.02749916666666587,0.14038333333332959,0.039999999999993936
3re,3,50,5,bayesFPCA,100,100,0,0,0,0,0,0,0,0,0,0,0,0,0,0,0,0,0,0,0,1.0149455,0.9791595000000002,17.12835,17.0971
3re,4,50,10,AdaStruMM,100,100,0,0,0,0,0,0,0,0,0,0,0,0,0,0,0,0,0,0,0,0.5409676666666672,0.030881166666666255,1.177649999999994,0.06106666666667782
3re,4,50,10,FACE,100,100,0,0,0,0,0,0,0,0,0,0,0,0,0,0,0,0,0,0,0,0.06539816666666533,0.015539333333333313,0.08599999999999758,0.02364999999999782
3re,4,50,10,HGAM-GS,100,100,0,0,0,0,0,0,0,0,0,0,0,0,0,0,0,0,0,0,0,0.056722833333333264,0.013731000000000673,0.15143333333333356,0.04366666666666674
3re,4,50,10,Local-GAM,100,100,0,0,0,0,0,0,0,0,0,0,0,0,0,0,0,0,0,0,0,0.03983533333333328,0.011543166666666767,0.048216666666666665,0.016366666666666183
3re,4,50,10,Oracle-GP,100,100,0,0,0,0,0,0,0,0,0,0,0,0,0,0,0,0,0,0,0,0.02290599999999976,1.3333333333510685e-5,0.02541666666666439,1.6666666670062114e-5
3re,4,50,10,PACE,100,100,0,0,0,0,0,0,0,0,0,0,0,0,0,0,0,0,0,0,0,0.20686983333333372,0.1479118333333332,0.23344999999999344,0.16660000000000158
3re,4,50,10,bayesFPCA,100,100,0,0,0,0,0,0,0,0,0,0,0,0,0,0,0,0,0,0,0,1.6439421666666665,1.6029345000000002,21.82336666666667,21.776083333333343
3re,5,100,2,AdaStruMM,100,100,0,0,0,0,0,0,0,0,0,0,0,0,0,0,0,0,0,0,0,0.9344201666666665,0.02734300000000068,0.9892666666666627,0.05528333333334861
3re,5,100,2,FACE,100,100,0,0,0,0,0,0,0,0,0,0,0,0,0,0,0,0,0,0,0,0.1121836666666671,0.03458216666666764,0.12488333333333988,0.042966666666658666
3re,5,100,2,HGAM-GS,100,100,0,0,0,0,0,0,0,0,0,0,0,0,0,0,0,0,0,0,0,0.15831866666666664,0.0986843333333334,1.14841666666667,1.09071666666667
3re,5,100,2,Oracle-GP,100,100,0,0,0,0,0,0,0,0,0,0,0,0,0,0,0,0,0,0,0,0.025423333333333253,1.416666666667273e-5,0.02881666666666547,1.6666666668167332e-5
3re,5,100,2,PACE,100,100,0,0,0,0,0,0,0,0,0,0,0,0,0,0,0,0,0,0,0,0.16120216666666662,0.008159666666666452,0.23636666666666314,0.01029999999999139
3re,5,100,2,bayesFPCA,100,100,0,0,0,0,0,0,0,0,0,0,0,0,0,0,0,0,0,0,0,1.065093833333333,1.0102953333333335,6.28765,6.170783333333338
3re,6,100,3,AdaStruMM,100,100,0,0,0,0,0,0,0,0,0,0,0,0,0,0,0,0,0,0,0,0.8995324999999987,0.02573033333333499,0.9741000000000023,0.04843333333333628
3re,6,100,3,FACE,100,100,0,0,0,0,0,0,0,0,0,0,0,0,0,0,0,0,0,0,0,0.11409349999999964,0.03514183333333373,0.1306666666666691,0.039383333333338065
3re,6,100,3,HGAM-GS,100,100,0,0,0,0,0,0,0,0,0,0,0,0,0,0,0,0,0,0,0,0.15850166666666668,0.09515916666666697,0.5720666666666678,0.4111666666666679
3re,6,100,3,Local-GAM,100,100,0,0,0,0,0,1,0,0,0,0,0,0,0,0,0.01,0,0,0,0,0.1616734999999999,0.11121766666666645,0.19836666666666739,0.1382500000000012
3re,6,100,3,Oracle-GP,100,100,0,0,0,0,0,0,0,0,0,0,0,0,0,0,0,0,0,0,0,0.027003499999999937,1.4499999999941338e-5,0.035266666666666426,3.3333333332545106e-5
3re,6,100,3,PACE,100,100,0,0,0,0,0,0,0,0,0,0,0,0,0,0,0,0,0,0,0,0.13720883333333256,0.020645999999998943,0.20178333333333284,0.03071666666666412
3re,6,100,3,bayesFPCA,100,100,0,0,0,0,0,0,0,0,0,0,0,0,0,0,0,0,0,0,0,1.932860166666667,1.864921833333334,13.300983333333333,13.259116666666667
3re,7,100,5,AdaStruMM,100,100,0,0,0,0,0,0,0,0,0,0,0,0,0,0,0,0,0,0,0,0.9495661666666659,0.03694983333333336,2.047083333333315,0.08548333333333555
3re,7,100,5,FACE,100,100,0,0,0,0,0,0,0,0,0,0,0,0,0,0,0,0,0,0,0,0.10327499999999919,0.03192783333333349,0.1304666666666738,0.046266666666664
3re,7,100,5,HGAM-GS,100,100,0,0,0,0,0,0,0,0,0,0,0,0,0,0,0,0,0,0,0,0.16685450000000013,0.10578966666666687,0.6476666666666688,0.4341666666666697
3re,7,100,5,Local-GAM,100,100,0,0,0,0,0,0,0,0,0,0,0,0,0,0,0,0,0,0,0,0.05674616666666619,0.02557966666666774,0.06296666666664047,0.030816666666639018
3re,7,100,5,Oracle-GP,100,100,0,0,0,0,0,0,0,0,0,0,0,0,0,0,0,0,0,0,0,0.027371499999999892,1.3333333333396998e-5,0.03394999999999679,3.3333333336334664e-5
3re,7,100,5,PACE,100,100,0,0,0,0,0,0,0,0,0,0,0,0,0,0,0,0,0,0,0,0.19130049999999832,0.06740966666666706,0.23323333333332813,0.0916333333333417
3re,7,100,5,bayesFPCA,100,100,0,0,0,0,0,0,0,0,0,0,0,0,0,0,0,0,0,0,0,2.0459586666666665,1.9987385,56.35889999999999,56.27976666666667
3re,8,100,10,AdaStruMM,100,100,0,0,0,0,0,0,0,0,0,0,0,0,0,0,0,0,0,0,0,0.9717323333333349,0.06455216666666623,1.7152833333333244,0.09713333333332533
3re,8,100,10,FACE,100,100,0,0,0,0,0,0,0,0,0,0,0,0,0,0,0,0,0,0,0,0.11695066666666647,0.036656000000000556,0.1335999999999937,0.0464000000000245
3re,8,100,10,HGAM-GS,100,100,0,0,0,0,0,0,0,0,0,0,0,0,0,0,0,0,0,0,0,0.3038088333333341,0.2245821666666658,0.8446666666666668,0.7192833333333335
3re,8,100,10,Local-GAM,100,100,0,0,0,0,0,0,0,0,0,0,0,0,0,0,0,0,0,0,0,0.0536836666666674,0.022007833333334323,0.05983333333333576,0.02718333333332339
3re,8,100,10,Oracle-GP,100,100,0,0,0,0,0,0,0,0,0,0,0,0,0,0,0,0,0,0,0,0.026216000000000045,1.2166666666625286e-5,0.029833333333332726,1.6666666670062114e-5
3re,8,100,10,PACE,100,100,0,0,0,0,0,0,0,0,0,0,0,0,0,0,0,0,0,0,0,0.7130476666666672,0.5371043333333325,1.1103833333333417,0.8360666666666475
3re,8,100,10,bayesFPCA,100,100,0,0,0,0,0,0,0,0,0,0,0,0,0,0,0,0,0,0,0,2.414850666666667,2.3657533333333323,33.90946666666669,33.87513333333333
3re,9,200,2,AdaStruMM,100,100,0,0,0,0,0,0,0,0,0,0,0,0,0,0,0,0,0,0,0,1.8368485000000006,0.05181683333333318,3.756833333333331,0.10645000000000285
3re,9,200,2,FACE,100,100,0,0,0,0,0,0,0,0,0,0,0,0,0,0,0,0,0,0,0,0.21428850000000035,0.0739224999999985,0.3004166666666667,0.10935
3re,9,200,2,HGAM-GS,100,100,0,0,0,0,0,0,0,0,0,0,0,0,0,0,0,0,0,0,0,1.3778844999999977,1.1875284999999993,2.5790333333333364,2.360466666666669
3re,9,200,2,Oracle-GP,100,100,0,0,0,0,0,0,0,0,0,0,0,0,0,0,0,0,0,0,0,0.04078483333333376,1.3166666667075333e-5,0.05493333333332278,1.6666666670062114e-5
3re,9,200,2,PACE,100,100,0,0,0,0,0,0,0,0,0,0,0,0,0,0,0,0,0,0,0,0.38767316666666674,0.030859333333333457,0.5743666666666665,0.048166666666668335
3re,9,200,2,bayesFPCA,100,100,0,0,0,0,0,0,0,0,0,0,0,0,0,0,0,0,0,0,0,2.5153633333333336,2.4396433333333336,12.787466666666676,12.621766666666675
3re,10,200,3,AdaStruMM,100,100,0,0,0,0,0,0,0,0,0,0,0,0,0,0,0,0,0,0,0,1.8307441666666666,0.05177333333333411,2.2542833333333268,0.11488333333333382
3re,10,200,3,FACE,100,100,0,0,0,0,0,0,0,0,0,0,0,0,0,0,0,0,0,0,0,0.2767088333333326,0.10093700000000005,0.3303833333333311,0.13269999999999982
3re,10,200,3,HGAM-GS,100,100,0,0,0,0,0,0,0,0,0,0,0,0,0,0,0,0,0,0,0,1.380971166666667,1.1986788333333322,2.369849999999997,2.1438500000000054
3re,10,200,3,Local-GAM,100,100,0,0,0,0,0,1,0,0,0,0,0,0,0,0,0.01,0,0,0,0,0.2605631666666665,0.19738083333333334,0.2791999999999992,0.21088333333333367
3re,10,200,3,Oracle-GP,100,100,0,0,0,0,0,0,0,0,0,0,0,0,0,0,0,0,0,0,0,0.04048400000000001,1.3666666666708238e-5,0.04381666666666698,1.6666666667219943e-5
3re,10,200,3,PACE,100,100,0,0,0,0,0,0,0,0,0,0,0,0,0,0,0,0,0,0,0,0.5334756666666661,0.07731716666666573,0.8920666666666572,0.1742499999999988
3re,10,200,3,bayesFPCA,100,100,0,0,0,0,0,0,0,0,0,0,0,0,0,0,0,0,0,0,0,1.863284,1.7798705000000001,12.125099999999998,12.03923333333333
3re,11,200,5,AdaStruMM,100,100,0,0,0,0,0,0,0,0,0,0,0,0,0,0,0,0,0,0,0,1.837458833333333,0.07536400000000082,2.5365666666666584,0.13186666666666652
3re,11,200,5,FACE,100,100,0,0,0,0,0,0,0,0,0,0,0,0,0,0,0,0,0,0,0,0.2327533333333328,0.0814586666666675,0.3117499999999988,0.11546666666667989
3re,11,200,5,HGAM-GS,100,100,0,0,0,0,0,0,0,0,0,0,0,0,0,0,0,0,0,0,0,1.5266328333333319,1.3377214999999998,2.1786833333333333,1.9959000000000022
3re,11,200,5,Local-GAM,100,100,0,0,0,0,0,0,0,0,0,0,0,0,0,0,0,0,0,0,0,0.1383279999999995,0.06035300000000022,0.1879833333333257,0.0791499999999966
3re,11,200,5,Oracle-GP,100,100,0,0,0,0,0,0,0,0,0,0,0,0,0,0,0,0,0,0,0,0.041299166666666526,1.4000000000275274e-5,0.06861666666666982,3.333333334012423e-5
3re,11,200,5,PACE,100,100,0,0,0,0,0,0,0,0,0,0,0,0,0,0,0,0,0,0,0,0.6537925000000007,0.23930950000000029,0.7771166666666659,0.3321333333333314
3re,11,200,5,bayesFPCA,100,100,0,0,0,0,0,0,0,0,0,0,0,0,0,0,0,0,0,0,0,2.8897818333333336,2.8028171666666655,48.00113333333333,47.92348333333334
3re,12,200,10,AdaStruMM,100,100,0,0,0,0,0,0,0,0,0,0,0,0,0,0,0,0,0,0,0,1.904670833333334,0.13895266666666656,2.0340499999999944,0.18088333333333442
3re,12,200,10,FACE,100,100,0,0,0,0,0,0,0,0,0,0,0,0,0,0,0,0,0,0,0,0.21096383333333293,0.07313183333333306,0.23701666666665916,0.08501666666666097
3re,12,200,10,HGAM-GS,100,100,0,0,0,0,0,0,0,0,0,0,0,0,0,0,0,0,0,0,0,1.850779333333333,1.6707066666666661,3.7507166666666687,3.35173333333333
3re,12,200,10,Local-GAM,100,100,0,0,0,0,0,0,0,0,0,0,0,0,0,0,0,0,0,0,0,0.10184766666666656,0.0461123333333353,0.1260166666666616,0.05378333333334619
3re,12,200,10,Oracle-GP,100,100,0,0,0,0,0,0,0,0,0,0,0,0,0,0,0,0,0,0,0,0.04054516666666666,1.5333333333502026e-5,0.055,2.8333333333335395e-4
3re,12,200,10,PACE,100,100,0,0,0,0,0,0,0,0,0,0,0,0,0,0,0,0,0,0,0,2.3562418333333333,1.8509516666666663,4.129516666666677,3.276866666666653
3re,12,200,10,bayesFPCA,100,100,0,0,0,0,0,0,0,0,0,0,0,0,0,0,0,0,0,0,0,3.5826124999999998,3.5013740000000007,36.85036666666665,36.76840000000002
3re,13,300,2,AdaStruMM,100,100,0,0,0,0,0,0,0,0,0,0,0,0,0,0,0,0,0,0,0,2.4111968333333325,0.07344049999999964,2.5238666666666782,0.12566666666666607
3re,13,300,2,FACE,100,100,0,0,0,0,0,0,0,0,0,0,0,0,0,0,0,0,0,0,0,0.30018249999999974,0.10922199999999999,0.33174999999999577,0.1241833333333337
3re,13,300,2,HGAM-GS,100,100,0,0,0,0,0,0,0,0,0,0,0,0,0,0,0,0,0,0,0,3.5196965000000002,3.103260833333333,9.303816666666686,8.708849999999984
3re,13,300,2,Oracle-GP,100,100,0,0,0,0,0,0,0,0,0,0,0,0,0,0,0,0,0,0,0,0.051770166666666534,1.333333333286646e-5,0.06398333333333237,1.6666666670062114e-5
3re,13,300,2,PACE,100,100,0,0,0,0,0,0,0,0,0,0,0,0,0,0,0,0,0,0,0,0.849166666666666,0.0659845000000005,1.1921500000000076,0.10543333333334885
3re,13,300,2,bayesFPCA,100,100,0,0,0,0,0,0,0,0,0,0,0,0,0,0,0,0,0,0,0,3.1153193333333333,3.0302495,17.66156666666667,17.575550000000003
3re,14,300,3,AdaStruMM,100,100,0,0,0,0,0,0,0,0,0,0,0,0,0,0,0,0,0,0,0,2.610015166666668,0.08046133333333447,2.8404999999999974,0.1672833333333377
3re,14,300,3,FACE,100,100,0,0,0,0,0,0,0,0,0,0,0,0,0,0,0,0,0,0,0,0.2990190000000004,0.10834683333333339,0.33408333333333334,0.12233333333333339
3re,14,300,3,HGAM-GS,100,100,0,0,0,0,0,0,0,0,0,0,0,0,0,0,0,0,0,0,0,7.143597833333333,6.410701333333334,12.878233333333325,11.998083333333337
3re,14,300,3,Local-GAM,100,100,0,0,0,0,0,0,0,0,0,0,0,0,0,0,0,0,0,0,0,0.34890883333333333,0.2797873333333334,0.44504999999999956,0.35351666666666687
3re,14,300,3,Oracle-GP,100,100,0,0,0,0,0,0,0,0,0,0,0,0,0,0,0,0,0,0,0,0.05136583333333344,1.3166666666696378e-5,0.058283333333330724,1.6666666670062114e-5
3re,14,300,3,PACE,100,100,0,0,0,0,0,0,0,0,0,0,0,0,0,0,0,0,0,0,0,1.105780166666665,0.20315650000000027,2.0600833333333335,0.2619499999999941
3re,14,300,3,bayesFPCA,100,100,0,0,0,0,0,0,0,0,0,0,0,0,0,0,0,0,0,0,0,2.7169743333333334,2.6124195,32.944250000000004,32.81916666666666
3re,15,300,5,AdaStruMM,100,100,0,0,0,0,0,0,0,0,0,0,0,0,0,0,0,0,0,0,0,2.518297666666667,0.10976100000000062,2.645866666666667,0.24473333333333283
3re,15,300,5,FACE,100,100,0,0,0,0,0,0,0,0,0,0,0,0,0,0,0,0,0,0,0,0.373497166666667,0.14449900000000004,0.4557666666666667,0.18904999999999744
3re,15,300,5,HGAM-GS,100,100,0,0,0,0,0,0,0,0,0,0,0,0,0,0,0,0,0,0,0,7.798568333333334,7.0847438333333335,11.718666666666666,10.691833333333337
3re,15,300,5,Local-GAM,100,100,0,0,0,0,0,0,0,0,0,0,0,0,0,0,0,0,0,0,0,0.19624733333333308,0.0995031666666664,0.2595333333333353,0.13081666666666933
3re,15,300,5,Oracle-GP,100,100,0,0,0,0,0,0,0,0,0,0,0,0,0,0,0,0,0,0,0,0.050690500000000305,1.3666666667480361e-5,0.06700000000000728,1.6666666670062114e-5
3re,15,300,5,PACE,100,100,0,0,0,0,0,0,0,0,0,0,0,0,0,0,0,0,0,0,0,1.7851896666666671,0.673170166666667,3.378633333333346,1.5703000000000127
3re,15,300,5,bayesFPCA,100,100,0,0,0,0,0,0,0,0,0,0,0,0,0,0,0,0,0,0,0,4.2452491666666665,4.127602666666667,88.65906666666666,88.48958333333334
3re,16,300,10,AdaStruMM,100,100,0,0,0,0,0,0,0,0,0,0,0,0,0,0,0,0,0,0,0,2.6405181666666664,0.20865333333333308,2.782483333333342,0.3324166666666618
3re,16,300,10,FACE,100,100,0,0,0,0,0,0,0,0,0,0,0,0,0,0,0,0,0,0,0,0.29928766666666734,0.11256133333333279,0.3285000000000006,0.1285166666666555
3re,16,300,10,HGAM-GS,100,100,0,0,0,0,0,0,0,0,0,0,0,0,0,0,0,0,0,0,0,9.789132666666667,9.109310333333335,16.86096666666666,15.920566666666657
3re,16,300,10,Local-GAM,100,100,0,0,0,0,0,0,0,0,0,0,0,0,0,0,0,0,0,0,0,0.16520116666666734,0.07854966666666606,0.20833333333333334,0.0945500000000114
3re,16,300,10,Oracle-GP,100,100,0,0,0,0,0,0,0,0,0,0,0,0,0,0,0,0,0,0,0,0.05001533333333358,1.2333333333610123e-5,0.06283333333333303,1.6666666670062114e-5
3re,16,300,10,PACE,100,100,0,0,0,0,0,0,0,0,0,0,0,0,0,0,0,0,0,0,0,5.415300333333333,4.233259666666666,6.536816666666664,5.080366666666668
3re,16,300,10,bayesFPCA,100,100,0,0,0,0,0,0,0,0,0,0,0,0,0,0,0,0,0,0,0,6.9554435,6.827881,93.03086666666668,92.9362
3re,17,400,2,AdaStruMM,100,100,0,0,0,0,0,0,0,0,0,0,0,0,0,0,0,0,0,0,0,3.320513666666667,0.1058088333333336,3.4429166666666635,0.19086666666667043
3re,17,400,2,FACE,100,100,0,0,0,0,0,0,0,0,0,0,0,0,0,0,0,0,0,0,0,0.3986800000000001,0.15095316666666672,0.4325000000000008,0.16944999999999955
3re,17,400,2,HGAM-GS,100,100,0,0,0,0,0,0,0,0,0,0,0,0,0,0,0,0,0,0,0,11.869664166666666,10.572466166666667,24.952983333333336,22.9762
3re,17,400,2,Oracle-GP,100,100,0,0,0,0,0,0,0,0,0,0,0,0,0,0,0,0,0,0,0,0.06098933333333344,1.2499999999666519e-5,0.07925000000000182,1.6666666670062114e-5
3re,17,400,2,PACE,100,100,0,0,0,0,0,0,0,0,0,0,0,0,0,0,0,0,0,0,0,1.4582938333333333,0.10279749999999861,3.1171833333333336,0.2687833333333335
3re,17,400,2,bayesFPCA,100,100,0,0,0,0,0,0,0,0,0,0,0,0,0,0,0,0,0,0,0,4.007256666666667,3.861653666666667,24.466316666666664,24.227699999999995
3re,18,400,3,AdaStruMM,100,100,0,0,0,0,0,0,0,0,0,0,0,0,0,0,0,0,0,0,0,3.317144666666667,0.11405033333333364,3.435716666666667,0.1952833333333274
3re,18,400,3,FACE,100,100,0,0,0,0,0,0,0,0,0,0,0,0,0,0,0,0,0,0,0,0.44937483333333345,0.17683549999999962,0.5794333333333346,0.2512333333333269
3re,18,400,3,HGAM-GS,100,100,0,0,0,0,0,0,0,0,0,0,0,0,0,0,0,0,0,0,0,17.561903833333336,15.976650000000001,27.16826666666667,25.199516666666668
3re,18,400,3,Local-GAM,100,100,0,0,0,0,0,1,0,0,0,0,0,0,0,0,0.01,0,0,0,0,0.5336755000000003,0.424394166666666,0.5840166666666543,0.465633333333335
3re,18,400,3,Oracle-GP,100,100,0,0,0,0,0,0,0,0,0,0,0,0,0,0,0,0,0,0,0,0.05906733333333318,1.1833333333394573e-5,0.07993333333333794,1.6666666670062114e-5
3re,18,400,3,PACE,100,100,0,0,0,0,0,0,0,0,0,0,0,0,0,0,0,0,0,0,0,1.7881835000000001,0.2603738333333328,2.329383333333347,0.4761333333333217
3re,18,400,3,bayesFPCA,100,100,0,0,0,0,0,0,0,0,0,0,0,0,0,0,0,0,0,0,0,4.352846166666667,4.237698166666667,82.1009,81.98963333333332
3re,19,400,5,AdaStruMM,100,100,0,0,0,0,0,0,0,0,0,0,0,0,0,0,0,0,0,0,0,3.3817576666666676,0.14329150000000024,3.4988666666666783,0.24891666666665818
3re,19,400,5,FACE,100,100,0,0,0,0,0,0,0,0,0,0,0,0,0,0,0,0,0,0,0,0.40375533333333297,0.15350783333333337,0.4322500000000067,0.16946666666666868
3re,19,400,5,HGAM-GS,100,100,0,0,0,0,0,0,0,0,0,0,0,0,0,0,0,0,0,0,0,18.794293833333334,17.2656835,24.682533333333353,22.882016666666672
3re,19,400,5,Local-GAM,100,100,0,0,0,0,0,0,0,0,0,0,0,0,0,0,0,0,0,0,0,0.2279363333333325,0.1211870000000005,0.2801833333333434,0.14604999999999865
3re,19,400,5,Oracle-GP,100,100,0,0,0,0,0,0,0,0,0,0,0,0,0,0,0,0,0,0,0,0.06066550000000033,1.2333333333250115e-5,0.07074999999999818,1.6666666670062114e-5
3re,19,400,5,PACE,100,100,0,0,0,0,0,0,0,0,0,0,0,0,0,0,0,0,0,0,0,2.9840893333333316,1.1925316666666677,4.545283333333333,2.15775
3re,19,400,5,bayesFPCA,100,100,0,0,0,0,0,0,0,0,0,0,0,0,0,0,0,0,0,0,0,5.093296499999999,4.983454833333334,106.01793333333333,105.87455
3re,20,400,10,AdaStruMM,100,100,0,0,0,0,0,0,0,0,0,0,0,0,0,0,0,0,0,0,0,3.553305833333332,0.2986661666666668,3.6975333333333387,0.46096666666667263
3re,20,400,10,FACE,100,100,0,0,0,0,0,0,0,0,0,0,0,0,0,0,0,0,0,0,0,0.4174706666666669,0.16235083333333314,0.44926666666666126,0.17886666666666617
3re,20,400,10,HGAM-GS,100,100,0,0,0,0,0,0,0,0,0,0,0,0,0,0,0,0,0,0,0,23.156096,21.83926266666667,37.370583333333336,35.08448333333333
3re,20,400,10,Local-GAM,100,100,0,0,0,0,0,0,0,0,0,0,0,0,0,0,0,0,0,0,0,0.21893933333333349,0.11043283333333291,0.24043333333333977,0.1258166666666663
3re,20,400,10,Oracle-GP,100,100,0,0,0,0,0,0,0,0,0,0,0,0,0,0,0,0,0,0,0,0.061357999999999566,1.266666666629135e-5,0.09408333333333303,1.6666666670062114e-5
3re,20,400,10,PACE,100,100,0,0,0,0,0,0,0,0,0,0,0,0,0,0,0,0,0,0,0,8.003706333333334,6.103039333333333,24.685816666666664,19.403183333333335
3re,20,400,10,bayesFPCA,100,100,0,0,0,0,0,0,0,0,0,0,0,0,0,0,0,0,0,0,0,6.790575166666665,6.665484166666669,85.05448333333334,84.63225000000003
3re,21,500,2,AdaStruMM,100,100,0,0,0,0,0,0,0,0,0,0,0,0,0,0,0,0,0,0,0,4.173830499999999,0.12297466666666573,4.382016666666668,0.22721666666666732
3re,21,500,2,FACE,100,100,0,0,0,0,0,0,0,0,0,0,0,0,0,0,0,0,0,0,0,0.57179,0.2223486666666663,0.6723833333333308,0.28518333333333507
3re,21,500,2,HGAM-GS,100,100,0,0,0,0,0,0,0,0,0,0,0,0,0,0,0,0,0,0,0,22.674983166666667,20.383382,47.597899999999996,44.13821666666666
3re,21,500,2,Oracle-GP,100,100,0,0,0,0,0,0,0,0,0,0,0,0,0,0,0,0,0,0,0,0.06700916666666666,1.316666666663006e-5,0.08116666666666675,1.6666666668167332e-5
3re,21,500,2,PACE,100,100,0,0,0,0,0,0,0,0,0,0,0,0,0,0,0,0,0,0,0,2.4263868333333334,0.13524783333333157,3.376516666666642,0.3763333333333333
3re,21,500,2,bayesFPCA,100,100,0,0,0,0,0,0,0,0,0,0,0,0,0,0,0,0,0,0,0,3.364647166666667,3.2339631666666664,15.870650000000005,15.701599999999996
3re,22,500,3,AdaStruMM,100,100,0,0,0,0,0,0,0,0,0,0,0,0,0,0,0,0,0,0,0,4.210676499999999,0.14423433333333438,4.395550000000003,0.29218333333333246
3re,22,500,3,FACE,100,100,0,0,0,0,0,0,0,0,0,0,0,0,0,0,0,0,0,0,0,0.4889613333333327,0.1905300000000003,0.5291000000000016,0.21143333333332823
3re,22,500,3,HGAM-GS,100,100,0,0,0,0,0,0,0,0,0,0,0,0,0,0,0,0,0,0,0,24.44856083333333,22.277993333333335,46.95451666666666,43.46243333333334
3re,22,500,3,Local-GAM,100,100,0,0,0,0,0,0,0,0,0,0,0,0,0,0,0,0,0,0,0,0.623398166666666,0.5090533333333339,0.9640666666666667,0.8006833333333331
3re,22,500,3,Oracle-GP,100,100,0,0,0,0,0,0,0,0,0,0,0,0,0,0,0,0,0,0,0,0.06613300000000026,1.250000000008337e-5,0.07328333333333603,3.3333333332545106e-5
3re,22,500,3,PACE,100,100,0,0,0,0,0,0,0,0,0,0,0,0,0,0,0,0,0,0,0,3.3971981666666657,0.5421570000000012,9.530399999999998,1.625600000000001
3re,22,500,3,bayesFPCA,100,100,0,0,0,0,0,0,0,0,0,0,0,0,0,0,0,0,0,0,0,7.3261606666666665,7.156892333333333,96.89796666666668,96.58766666666669
3re,23,500,5,AdaStruMM,100,100,0,0,0,0,0,0,0,0,0,0,0,0,0,0,0,0,0,0,0,4.3540081666666675,0.18391299999999963,4.555133333333333,0.3389666666666623
3re,23,500,5,FACE,100,100,0,0,0,0,0,0,0,0,0,0,0,0,0,0,0,0,0,0,0,0.49064133333333293,0.19221783333333317,0.53008333333333435,0.21366666666666181
3re,23,500,5,HGAM-GS,100,100,0,0,0,0,0,0,0,0,0,0,0,0,0,0,0,0,0,0,0,19.745096166666666,18.078625666666667,44.9953,41.71575
3re,23,500,5,Local-GAM,100,100,0,0,0,0,0,0,0,0,0,0,0,0,0,0,0,0,0,0,0,0.27501949999999936,0.1527213333333337,0.3109333333333325,0.1796166666666674
3re,23,500,5,Oracle-GP,100,100,0,0,0,0,0,0,0,0,0,0,0,0,0,0,0,0,0,0,0,0.06728500000000005,1.616666666666126e-5,0.07980000000000018,2.666666666666669e-4
3re,23,500,5,PACE,100,100,0,0,0,0,0,0,0,0,0,0,0,0,0,0,0,0,0,0,0,5.255692166666666,2.4165875000000003,6.076466666666666,3.0381333333333336
3re,23,500,5,bayesFPCA,100,100,0,0,0,0,0,0,0,0,0,0,0,0,0,0,0,0,0,0,0,7.657858666666667,7.502889333333334,153.32226666666665,153.14283333333333
3re,24,500,10,AdaStruMM,100,100,0,0,0,0,0,0,0,0,0,0,0,0,0,0,0,0,0,0,0,4.496327166666666,0.3676221666666661,4.65625,0.49891666666666573
3re,24,500,10,FACE,100,100,0,0,0,0,0,0,0,0,0,0,0,0,0,0,0,0,0,0,0,0.5104736666666668,0.20531399999999977,0.5411000000000058,0.22349999999999756
3re,24,500,10,HGAM-GS,100,100,0,0,0,0,0,0,0,0,0,0,0,0,0,0,0,0,0,0,0,34.311242666666665,32.46163133333334,67.62958333333333,66.38558333333334
3re,24,500,10,Local-GAM,100,100,0,0,0,0,0,0,0,0,0,0,0,0,0,0,0,0,0,0,0,0.33407149999999985,0.18272499999999964,0.4144666666666694,0.2280499999999999
3re,24,500,10,Oracle-GP,100,100,0,0,0,0,0,0,0,0,0,0,0,0,0,0,0,0,0,0,0,0.06637416666666543,1.2333333333420645e-5,0.07438333333334413,1.6666666670062114e-5
3re,24,500,10,PACE,100,100,0,0,0,0,0,0,0,0,0,0,0,0,0,0,0,0,0,0,0,12.706581666666667,9.896415166666667,17.85103333333333,14.093283333333328
3re,24,500,10,bayesFPCA,100,100,0,0,0,0,0,0,0,0,0,0,0,0,0,0,0,0,0,0,0,6.5723918333333335,6.445256666666666,59.051083333333345,58.89465
