case,subcase_id,method,seed,n_successful_trials,median_time,max_time,allowed_time,process_id,run_order,run_id,original_process_id,original_run_order
sitar,21,HGAM-GS,84,5,27.0713,28.80561666666667,36.007020833333335,1,1,sitar__subcase-021__HGAM-GS__seed-84,53,6
sitar,17,HGAM-GS,31,5,18.212750000000003,18.446749999999998,23.058437499999997,2,1,sitar__subcase-017__HGAM-GS__seed-31,53,7
sitar,8,HGAM-GS,99,5,0.6399666666666667,0.6588166666666666,0.8235208333333333,3,1,sitar__subcase-008__HGAM-GS__seed-99,53,8
sitar,21,HGAM-GS,28,5,27.0713,28.80561666666667,36.007020833333335,4,1,sitar__subcase-021__HGAM-GS__seed-28,55,5
sitar,21,HGAM-GS,60,5,27.0713,28.80561666666667,36.007020833333335,5,1,sitar__subcase-021__HGAM-GS__seed-60,55,6
sitar,17,HGAM-GS,35,5,18.212750000000003,18.446749999999998,23.058437499999997,6,1,sitar__subcase-017__HGAM-GS__seed-35,55,7
sitar,8,HGAM-GS,59,5,0.6399666666666667,0.6588166666666666,0.8235208333333333,7,1,sitar__subcase-008__HGAM-GS__seed-59,55,8
sitar,21,HGAM-GS,71,5,27.0713,28.80561666666667,36.007020833333335,8,1,sitar__subcase-021__HGAM-GS__seed-71,58,4
sitar,21,HGAM-GS,77,5,27.0713,28.80561666666667,36.007020833333335,9,1,sitar__subcase-021__HGAM-GS__seed-77,58,5
sitar,21,HGAM-GS,79,5,27.0713,28.80561666666667,36.007020833333335,10,1,sitar__subcase-021__HGAM-GS__seed-79,58,6
sitar,17,HGAM-GS,30,5,18.212750000000003,18.446749999999998,23.058437499999997,11,1,sitar__subcase-017__HGAM-GS__seed-30,58,7
sitar,8,HGAM-GS,27,5,0.6399666666666667,0.6588166666666666,0.8235208333333333,12,1,sitar__subcase-008__HGAM-GS__seed-27,58,8
sitar,21,HGAM-GS,66,5,27.0713,28.80561666666667,36.007020833333335,13,1,sitar__subcase-021__HGAM-GS__seed-66,59,4
sitar,21,HGAM-GS,81,5,27.0713,28.80561666666667,36.007020833333335,14,1,sitar__subcase-021__HGAM-GS__seed-81,59,5
sitar,21,HGAM-GS,82,5,27.0713,28.80561666666667,36.007020833333335,15,1,sitar__subcase-021__HGAM-GS__seed-82,59,6
sitar,17,HGAM-GS,13,5,18.212750000000003,18.446749999999998,23.058437499999997,16,1,sitar__subcase-017__HGAM-GS__seed-13,59,7
sitar,8,HGAM-GS,50,5,0.6399666666666667,0.6588166666666666,0.8235208333333333,17,1,sitar__subcase-008__HGAM-GS__seed-50,59,8
sitar,21,HGAM-GS,18,5,27.0713,28.80561666666667,36.007020833333335,18,1,sitar__subcase-021__HGAM-GS__seed-18,60,2
sitar,21,HGAM-GS,43,5,27.0713,28.80561666666667,36.007020833333335,19,1,sitar__subcase-021__HGAM-GS__seed-43,60,3
sitar,21,HGAM-GS,57,5,27.0713,28.80561666666667,36.007020833333335,20,1,sitar__subcase-021__HGAM-GS__seed-57,60,4
sitar,21,HGAM-GS,69,5,27.0713,28.80561666666667,36.007020833333335,21,1,sitar__subcase-021__HGAM-GS__seed-69,60,5
sitar,21,HGAM-GS,89,5,27.0713,28.80561666666667,36.007020833333335,22,1,sitar__subcase-021__HGAM-GS__seed-89,60,6
sitar,17,HGAM-GS,52,5,18.212750000000003,18.446749999999998,23.058437499999997,23,1,sitar__subcase-017__HGAM-GS__seed-52,60,7
sitar,8,HGAM-GS,11,5,0.6399666666666667,0.6588166666666666,0.8235208333333333,24,1,sitar__subcase-008__HGAM-GS__seed-11,60,8
sitar,21,HGAM-GS,22,5,27.0713,28.80561666666667,36.007020833333335,25,1,sitar__subcase-021__HGAM-GS__seed-22,65,2
sitar,21,HGAM-GS,24,5,27.0713,28.80561666666667,36.007020833333335,26,1,sitar__subcase-021__HGAM-GS__seed-24,65,3
sitar,21,HGAM-GS,30,5,27.0713,28.80561666666667,36.007020833333335,27,1,sitar__subcase-021__HGAM-GS__seed-30,65,4
sitar,21,HGAM-GS,36,5,27.0713,28.80561666666667,36.007020833333335,28,1,sitar__subcase-021__HGAM-GS__seed-36,65,5
sitar,21,HGAM-GS,85,5,27.0713,28.80561666666667,36.007020833333335,29,1,sitar__subcase-021__HGAM-GS__seed-85,65,6
sitar,17,HGAM-GS,83,5,18.212750000000003,18.446749999999998,23.058437499999997,30,1,sitar__subcase-017__HGAM-GS__seed-83,65,7
sitar,8,HGAM-GS,12,5,0.6399666666666667,0.6588166666666666,0.8235208333333333,31,1,sitar__subcase-008__HGAM-GS__seed-12,65,8
sitar,22,HGAM-GS,75,5,14.40805,24.366216666666666,30.457770833333335,32,1,sitar__subcase-022__HGAM-GS__seed-75,74,4
sitar,22,HGAM-GS,90,5,14.40805,24.366216666666666,30.457770833333335,33,1,sitar__subcase-022__HGAM-GS__seed-90,74,5
sitar,22,HGAM-GS,95,5,14.40805,24.366216666666666,30.457770833333335,34,1,sitar__subcase-022__HGAM-GS__seed-95,74,6
sitar,22,HGAM-GS,100,5,14.40805,24.366216666666666,30.457770833333335,35,1,sitar__subcase-022__HGAM-GS__seed-100,74,7
sitar,17,HGAM-GS,98,5,18.212750000000003,18.446749999999998,23.058437499999997,36,1,sitar__subcase-017__HGAM-GS__seed-98,74,8
sitar,10,HGAM-GS,37,5,2.2645166666666667,2.44995,3.0624374999999997,37,1,sitar__subcase-010__HGAM-GS__seed-37,74,9
sitar,4,HGAM-GS,89,5,0.5321666666666667,0.5343333333333333,0.6679166666666667,38,1,sitar__subcase-004__HGAM-GS__seed-89,74,10
sitar,22,HGAM-GS,42,5,14.40805,24.366216666666666,30.457770833333335,39,1,sitar__subcase-022__HGAM-GS__seed-42,78,5
sitar,22,HGAM-GS,59,5,14.40805,24.366216666666666,30.457770833333335,40,1,sitar__subcase-022__HGAM-GS__seed-59,78,6
sitar,22,HGAM-GS,61,5,14.40805,24.366216666666666,30.457770833333335,41,1,sitar__subcase-022__HGAM-GS__seed-61,78,7
sitar,17,HGAM-GS,40,5,18.212750000000003,18.446749999999998,23.058437499999997,42,1,sitar__subcase-017__HGAM-GS__seed-40,78,8
sitar,10,HGAM-GS,79,5,2.2645166666666667,2.44995,3.0624374999999997,43,1,sitar__subcase-010__HGAM-GS__seed-79,78,9
sitar,4,HGAM-GS,8,5,0.5321666666666667,0.5343333333333333,0.6679166666666667,44,1,sitar__subcase-004__HGAM-GS__seed-8,78,10
sitar,22,HGAM-GS,63,5,14.40805,24.366216666666666,30.457770833333335,45,1,sitar__subcase-022__HGAM-GS__seed-63,79,4
sitar,22,HGAM-GS,70,5,14.40805,24.366216666666666,30.457770833333335,46,1,sitar__subcase-022__HGAM-GS__seed-70,79,5
sitar,22,HGAM-GS,77,5,14.40805,24.366216666666666,30.457770833333335,47,1,sitar__subcase-022__HGAM-GS__seed-77,79,6
sitar,22,HGAM-GS,93,5,14.40805,24.366216666666666,30.457770833333335,48,1,sitar__subcase-022__HGAM-GS__seed-93,79,7
sitar,17,HGAM-GS,18,5,18.212750000000003,18.446749999999998,23.058437499999997,49,1,sitar__subcase-017__HGAM-GS__seed-18,79,8
sitar,10,HGAM-GS,71,5,2.2645166666666667,2.44995,3.0624374999999997,50,1,sitar__subcase-010__HGAM-GS__seed-71,79,9
sitar,4,HGAM-GS,17,5,0.5321666666666667,0.5343333333333333,0.6679166666666667,51,1,sitar__subcase-004__HGAM-GS__seed-17,79,10
sitar,24,HGAM-GS,3,5,9.9589,11.807116666666667,14.758895833333334,52,1,sitar__subcase-024__HGAM-GS__seed-3,96,9
sitar,24,HGAM-GS,13,5,9.9589,11.807116666666667,14.758895833333334,53,1,sitar__subcase-024__HGAM-GS__seed-13,96,10
sitar,24,HGAM-GS,20,5,9.9589,11.807116666666667,14.758895833333334,54,1,sitar__subcase-024__HGAM-GS__seed-20,96,11
sitar,24,HGAM-GS,40,5,9.9589,11.807116666666667,14.758895833333334,55,1,sitar__subcase-024__HGAM-GS__seed-40,96,12
sitar,24,HGAM-GS,62,5,9.9589,11.807116666666667,14.758895833333334,56,1,sitar__subcase-024__HGAM-GS__seed-62,96,13
sitar,24,HGAM-GS,68,5,9.9589,11.807116666666667,14.758895833333334,57,1,sitar__subcase-024__HGAM-GS__seed-68,96,14
sitar,24,HGAM-GS,73,5,9.9589,11.807116666666667,14.758895833333334,58,1,sitar__subcase-024__HGAM-GS__seed-73,96,15
sitar,24,HGAM-GS,77,5,9.9589,11.807116666666667,14.758895833333334,59,1,sitar__subcase-024__HGAM-GS__seed-77,96,16
sitar,6,HGAM-GS,27,5,0.7250666666666666,0.7365999999999999,0.92075,60,1,sitar__subcase-006__HGAM-GS__seed-27,96,17
sitar,4,HGAM-GS,83,5,0.5321666666666667,0.5343333333333333,0.6679166666666667,61,1,sitar__subcase-004__HGAM-GS__seed-83,96,18
sitar,24,HGAM-GS,21,5,9.9589,11.807116666666667,14.758895833333334,62,1,sitar__subcase-024__HGAM-GS__seed-21,97,3
sitar,24,HGAM-GS,25,5,9.9589,11.807116666666667,14.758895833333334,63,1,sitar__subcase-024__HGAM-GS__seed-25,97,4
sitar,24,HGAM-GS,34,5,9.9589,11.807116666666667,14.758895833333334,64,1,sitar__subcase-024__HGAM-GS__seed-34,97,5
sitar,24,HGAM-GS,39,5,9.9589,11.807116666666667,14.758895833333334,65,1,sitar__subcase-024__HGAM-GS__seed-39,97,6
sitar,24,HGAM-GS,50,5,9.9589,11.807116666666667,14.758895833333334,66,1,sitar__subcase-024__HGAM-GS__seed-50,97,7
sitar,24,HGAM-GS,56,5,9.9589,11.807116666666667,14.758895833333334,67,1,sitar__subcase-024__HGAM-GS__seed-56,97,8
sitar,24,HGAM-GS,57,5,9.9589,11.807116666666667,14.758895833333334,68,1,sitar__subcase-024__HGAM-GS__seed-57,97,9
sitar,24,HGAM-GS,58,5,9.9589,11.807116666666667,14.758895833333334,69,1,sitar__subcase-024__HGAM-GS__seed-58,97,10
sitar,24,HGAM-GS,60,5,9.9589,11.807116666666667,14.758895833333334,70,1,sitar__subcase-024__HGAM-GS__seed-60,97,11
sitar,24,HGAM-GS,69,5,9.9589,11.807116666666667,14.758895833333334,71,1,sitar__subcase-024__HGAM-GS__seed-69,97,12
sitar,24,HGAM-GS,74,5,9.9589,11.807116666666667,14.758895833333334,72,1,sitar__subcase-024__HGAM-GS__seed-74,97,13
sitar,24,HGAM-GS,79,5,9.9589,11.807116666666667,14.758895833333334,73,1,sitar__subcase-024__HGAM-GS__seed-79,97,14
sitar,24,HGAM-GS,94,5,9.9589,11.807116666666667,14.758895833333334,74,1,sitar__subcase-024__HGAM-GS__seed-94,97,15
sitar,24,HGAM-GS,95,5,9.9589,11.807116666666667,14.758895833333334,75,1,sitar__subcase-024__HGAM-GS__seed-95,97,16
sitar,10,HGAM-GS,26,5,2.2645166666666667,2.44995,3.0624374999999997,76,1,sitar__subcase-010__HGAM-GS__seed-26,97,17
sitar,7,HGAM-GS,51,5,0.37753333333333333,0.5759333333333333,0.7199166666666666,77,1,sitar__subcase-007__HGAM-GS__seed-51,97,18
sitar,24,HGAM-GS,12,5,9.9589,11.807116666666667,14.758895833333334,78,1,sitar__subcase-024__HGAM-GS__seed-12,98,3
sitar,24,HGAM-GS,16,5,9.9589,11.807116666666667,14.758895833333334,79,1,sitar__subcase-024__HGAM-GS__seed-16,98,4
sitar,24,HGAM-GS,24,5,9.9589,11.807116666666667,14.758895833333334,80,1,sitar__subcase-024__HGAM-GS__seed-24,98,5
sitar,24,HGAM-GS,37,5,9.9589,11.807116666666667,14.758895833333334,81,1,sitar__subcase-024__HGAM-GS__seed-37,98,6
sitar,24,HGAM-GS,53,5,9.9589,11.807116666666667,14.758895833333334,82,1,sitar__subcase-024__HGAM-GS__seed-53,98,7
sitar,24,HGAM-GS,63,5,9.9589,11.807116666666667,14.758895833333334,83,1,sitar__subcase-024__HGAM-GS__seed-63,98,8
sitar,24,HGAM-GS,76,5,9.9589,11.807116666666667,14.758895833333334,84,1,sitar__subcase-024__HGAM-GS__seed-76,98,9
sitar,24,HGAM-GS,84,5,9.9589,11.807116666666667,14.758895833333334,85,1,sitar__subcase-024__HGAM-GS__seed-84,98,10
sitar,24,HGAM-GS,89,5,9.9589,11.807116666666667,14.758895833333334,86,1,sitar__subcase-024__HGAM-GS__seed-89,98,11
sitar,24,HGAM-GS,90,5,9.9589,11.807116666666667,14.758895833333334,87,1,sitar__subcase-024__HGAM-GS__seed-90,98,12
sitar,24,HGAM-GS,91,5,9.9589,11.807116666666667,14.758895833333334,88,1,sitar__subcase-024__HGAM-GS__seed-91,98,13
sitar,24,HGAM-GS,92,5,9.9589,11.807116666666667,14.758895833333334,89,1,sitar__subcase-024__HGAM-GS__seed-92,98,14
sitar,24,HGAM-GS,98,5,9.9589,11.807116666666667,14.758895833333334,90,1,sitar__subcase-024__HGAM-GS__seed-98,98,15
sitar,24,HGAM-GS,99,5,9.9589,11.807116666666667,14.758895833333334,91,1,sitar__subcase-024__HGAM-GS__seed-99,98,16
sitar,10,HGAM-GS,10,5,2.2645166666666667,2.44995,3.0624374999999997,92,1,sitar__subcase-010__HGAM-GS__seed-10,98,17
sitar,7,HGAM-GS,94,5,0.37753333333333333,0.5759333333333333,0.7199166666666666,93,1,sitar__subcase-007__HGAM-GS__seed-94,98,18
sitar,24,HGAM-GS,8,5,9.9589,11.807116666666667,14.758895833333334,94,1,sitar__subcase-024__HGAM-GS__seed-8,100,3
sitar,24,HGAM-GS,17,5,9.9589,11.807116666666667,14.758895833333334,95,1,sitar__subcase-024__HGAM-GS__seed-17,100,4
sitar,24,HGAM-GS,19,5,9.9589,11.807116666666667,14.758895833333334,96,1,sitar__subcase-024__HGAM-GS__seed-19,100,5
sitar,24,HGAM-GS,22,5,9.9589,11.807116666666667,14.758895833333334,97,1,sitar__subcase-024__HGAM-GS__seed-22,100,6
sitar,24,HGAM-GS,23,5,9.9589,11.807116666666667,14.758895833333334,98,1,sitar__subcase-024__HGAM-GS__seed-23,100,7
sitar,24,HGAM-GS,27,5,9.9589,11.807116666666667,14.758895833333334,99,1,sitar__subcase-024__HGAM-GS__seed-27,100,8
sitar,24,HGAM-GS,28,5,9.9589,11.807116666666667,14.758895833333334,100,1,sitar__subcase-024__HGAM-GS__seed-28,100,9
sitar,24,HGAM-GS,30,5,9.9589,11.807116666666667,14.758895833333334,101,1,sitar__subcase-024__HGAM-GS__seed-30,100,10
sitar,24,HGAM-GS,32,5,9.9589,11.807116666666667,14.758895833333334,102,1,sitar__subcase-024__HGAM-GS__seed-32,100,11
sitar,24,HGAM-GS,47,5,9.9589,11.807116666666667,14.758895833333334,103,1,sitar__subcase-024__HGAM-GS__seed-47,100,12
sitar,24,HGAM-GS,51,5,9.9589,11.807116666666667,14.758895833333334,104,1,sitar__subcase-024__HGAM-GS__seed-51,100,13
sitar,24,HGAM-GS,52,5,9.9589,11.807116666666667,14.758895833333334,105,1,sitar__subcase-024__HGAM-GS__seed-52,100,14
sitar,24,HGAM-GS,67,5,9.9589,11.807116666666667,14.758895833333334,106,1,sitar__subcase-024__HGAM-GS__seed-67,100,15
sitar,24,HGAM-GS,82,5,9.9589,11.807116666666667,14.758895833333334,107,1,sitar__subcase-024__HGAM-GS__seed-82,100,16
sitar,10,HGAM-GS,4,5,2.2645166666666667,2.44995,3.0624374999999997,108,1,sitar__subcase-010__HGAM-GS__seed-4,100,17
sitar,7,HGAM-GS,44,5,0.37753333333333333,0.5759333333333333,0.7199166666666666,109,1,sitar__subcase-007__HGAM-GS__seed-44,100,18
sitar,24,HGAM-GS,97,5,9.9589,11.807116666666667,14.758895833333334,110,1,sitar__subcase-024__HGAM-GS__seed-97,101,16
sitar,10,HGAM-GS,73,5,2.2645166666666667,2.44995,3.0624374999999997,111,1,sitar__subcase-010__HGAM-GS__seed-73,101,17
sitar,7,HGAM-GS,37,5,0.37753333333333333,0.5759333333333333,0.7199166666666666,112,1,sitar__subcase-007__HGAM-GS__seed-37,101,18
sitar,23,HGAM-GS,31,5,9.744916666666667,11.557349999999998,14.446687499999998,113,1,sitar__subcase-023__HGAM-GS__seed-31,103,3
sitar,23,HGAM-GS,34,5,9.744916666666667,11.557349999999998,14.446687499999998,114,1,sitar__subcase-023__HGAM-GS__seed-34,103,4
sitar,23,HGAM-GS,40,5,9.744916666666667,11.557349999999998,14.446687499999998,115,1,sitar__subcase-023__HGAM-GS__seed-40,103,5
sitar,23,HGAM-GS,42,5,9.744916666666667,11.557349999999998,14.446687499999998,116,1,sitar__subcase-023__HGAM-GS__seed-42,103,6
sitar,23,HGAM-GS,43,5,9.744916666666667,11.557349999999998,14.446687499999998,117,1,sitar__subcase-023__HGAM-GS__seed-43,103,7
sitar,23,HGAM-GS,48,5,9.744916666666667,11.557349999999998,14.446687499999998,118,1,sitar__subcase-023__HGAM-GS__seed-48,103,8
sitar,23,HGAM-GS,50,5,9.744916666666667,11.557349999999998,14.446687499999998,119,1,sitar__subcase-023__HGAM-GS__seed-50,103,9
sitar,23,HGAM-GS,62,5,9.744916666666667,11.557349999999998,14.446687499999998,120,1,sitar__subcase-023__HGAM-GS__seed-62,103,10
sitar,23,HGAM-GS,77,5,9.744916666666667,11.557349999999998,14.446687499999998,121,1,sitar__subcase-023__HGAM-GS__seed-77,103,11
sitar,23,HGAM-GS,82,5,9.744916666666667,11.557349999999998,14.446687499999998,122,1,sitar__subcase-023__HGAM-GS__seed-82,103,12
sitar,23,HGAM-GS,85,5,9.744916666666667,11.557349999999998,14.446687499999998,123,1,sitar__subcase-023__HGAM-GS__seed-85,103,13
sitar,23,HGAM-GS,94,5,9.744916666666667,11.557349999999998,14.446687499999998,124,1,sitar__subcase-023__HGAM-GS__seed-94,103,14
sitar,23,HGAM-GS,95,5,9.744916666666667,11.557349999999998,14.446687499999998,125,1,sitar__subcase-023__HGAM-GS__seed-95,103,15
sitar,23,HGAM-GS,98,5,9.744916666666667,11.557349999999998,14.446687499999998,126,1,sitar__subcase-023__HGAM-GS__seed-98,103,16
sitar,15,HGAM-GS,32,5,3.182533333333333,3.5707999999999998,4.4635,127,1,sitar__subcase-015__HGAM-GS__seed-32,103,17
sitar,10,HGAM-GS,28,5,2.2645166666666667,2.44995,3.0624374999999997,128,1,sitar__subcase-010__HGAM-GS__seed-28,103,18
sitar,6,HGAM-GS,99,5,0.7250666666666666,0.7365999999999999,0.92075,129,1,sitar__subcase-006__HGAM-GS__seed-99,103,19
sitar,23,HGAM-GS,56,5,9.744916666666667,11.557349999999998,14.446687499999998,130,1,sitar__subcase-023__HGAM-GS__seed-56,104,10
sitar,23,HGAM-GS,57,5,9.744916666666667,11.557349999999998,14.446687499999998,131,1,sitar__subcase-023__HGAM-GS__seed-57,104,11
sitar,23,HGAM-GS,74,5,9.744916666666667,11.557349999999998,14.446687499999998,132,1,sitar__subcase-023__HGAM-GS__seed-74,104,12
sitar,23,HGAM-GS,76,5,9.744916666666667,11.557349999999998,14.446687499999998,133,1,sitar__subcase-023__HGAM-GS__seed-76,104,13
sitar,23,HGAM-GS,91,5,9.744916666666667,11.557349999999998,14.446687499999998,134,1,sitar__subcase-023__HGAM-GS__seed-91,104,14
sitar,23,HGAM-GS,93,5,9.744916666666667,11.557349999999998,14.446687499999998,135,1,sitar__subcase-023__HGAM-GS__seed-93,104,15
sitar,23,HGAM-GS,96,5,9.744916666666667,11.557349999999998,14.446687499999998,136,1,sitar__subcase-023__HGAM-GS__seed-96,104,16
sitar,15,HGAM-GS,99,5,3.182533333333333,3.5707999999999998,4.4635,137,1,sitar__subcase-015__HGAM-GS__seed-99,104,17
sitar,10,HGAM-GS,67,5,2.2645166666666667,2.44995,3.0624374999999997,138,1,sitar__subcase-010__HGAM-GS__seed-67,104,18
sitar,6,HGAM-GS,83,5,0.7250666666666666,0.7365999999999999,0.92075,139,1,sitar__subcase-006__HGAM-GS__seed-83,104,19
sitar,23,HGAM-GS,38,5,9.744916666666667,11.557349999999998,14.446687499999998,140,1,sitar__subcase-023__HGAM-GS__seed-38,105,5
sitar,23,HGAM-GS,39,5,9.744916666666667,11.557349999999998,14.446687499999998,141,1,sitar__subcase-023__HGAM-GS__seed-39,105,6
sitar,23,HGAM-GS,41,5,9.744916666666667,11.557349999999998,14.446687499999998,142,1,sitar__subcase-023__HGAM-GS__seed-41,105,7
sitar,23,HGAM-GS,58,5,9.744916666666667,11.557349999999998,14.446687499999998,143,1,sitar__subcase-023__HGAM-GS__seed-58,105,8
sitar,23,HGAM-GS,59,5,9.744916666666667,11.557349999999998,14.446687499999998,144,1,sitar__subcase-023__HGAM-GS__seed-59,105,9
sitar,23,HGAM-GS,68,5,9.744916666666667,11.557349999999998,14.446687499999998,145,1,sitar__subcase-023__HGAM-GS__seed-68,105,10
sitar,23,HGAM-GS,69,5,9.744916666666667,11.557349999999998,14.446687499999998,146,1,sitar__subcase-023__HGAM-GS__seed-69,105,11
sitar,23,HGAM-GS,70,5,9.744916666666667,11.557349999999998,14.446687499999998,147,1,sitar__subcase-023__HGAM-GS__seed-70,105,12
sitar,23,HGAM-GS,78,5,9.744916666666667,11.557349999999998,14.446687499999998,148,1,sitar__subcase-023__HGAM-GS__seed-78,105,13
sitar,23,HGAM-GS,87,5,9.744916666666667,11.557349999999998,14.446687499999998,149,1,sitar__subcase-023__HGAM-GS__seed-87,105,14
sitar,23,HGAM-GS,88,5,9.744916666666667,11.557349999999998,14.446687499999998,150,1,sitar__subcase-023__HGAM-GS__seed-88,105,15
sitar,23,HGAM-GS,89,5,9.744916666666667,11.557349999999998,14.446687499999998,151,1,sitar__subcase-023__HGAM-GS__seed-89,105,16
sitar,15,HGAM-GS,87,5,3.182533333333333,3.5707999999999998,4.4635,152,1,sitar__subcase-015__HGAM-GS__seed-87,105,17
sitar,10,HGAM-GS,59,5,2.2645166666666667,2.44995,3.0624374999999997,153,1,sitar__subcase-010__HGAM-GS__seed-59,105,18
sitar,6,HGAM-GS,19,5,0.7250666666666666,0.7365999999999999,0.92075,154,1,sitar__subcase-006__HGAM-GS__seed-19,105,19
sitar,23,HGAM-GS,61,5,9.744916666666667,11.557349999999998,14.446687499999998,155,1,sitar__subcase-023__HGAM-GS__seed-61,106,12
sitar,23,HGAM-GS,64,5,9.744916666666667,11.557349999999998,14.446687499999998,156,1,sitar__subcase-023__HGAM-GS__seed-64,106,13
sitar,23,HGAM-GS,80,5,9.744916666666667,11.557349999999998,14.446687499999998,157,1,sitar__subcase-023__HGAM-GS__seed-80,106,14
sitar,23,HGAM-GS,86,5,9.744916666666667,11.557349999999998,14.446687499999998,158,1,sitar__subcase-023__HGAM-GS__seed-86,106,15
sitar,23,HGAM-GS,97,5,9.744916666666667,11.557349999999998,14.446687499999998,159,1,sitar__subcase-023__HGAM-GS__seed-97,106,16
sitar,15,HGAM-GS,16,5,3.182533333333333,3.5707999999999998,4.4635,160,1,sitar__subcase-015__HGAM-GS__seed-16,106,17
sitar,10,HGAM-GS,88,5,2.2645166666666667,2.44995,3.0624374999999997,161,1,sitar__subcase-010__HGAM-GS__seed-88,106,18
sitar,6,HGAM-GS,10,5,0.7250666666666666,0.7365999999999999,0.92075,162,1,sitar__subcase-006__HGAM-GS__seed-10,106,19
sitar,23,HGAM-GS,12,5,9.744916666666667,11.557349999999998,14.446687499999998,163,1,sitar__subcase-023__HGAM-GS__seed-12,107,3
sitar,23,HGAM-GS,13,5,9.744916666666667,11.557349999999998,14.446687499999998,164,1,sitar__subcase-023__HGAM-GS__seed-13,107,4
sitar,23,HGAM-GS,18,5,9.744916666666667,11.557349999999998,14.446687499999998,165,1,sitar__subcase-023__HGAM-GS__seed-18,107,5
sitar,23,HGAM-GS,20,5,9.744916666666667,11.557349999999998,14.446687499999998,166,1,sitar__subcase-023__HGAM-GS__seed-20,107,6
sitar,23,HGAM-GS,26,5,9.744916666666667,11.557349999999998,14.446687499999998,167,1,sitar__subcase-023__HGAM-GS__seed-26,107,7
sitar,23,HGAM-GS,52,5,9.744916666666667,11.557349999999998,14.446687499999998,168,1,sitar__subcase-023__HGAM-GS__seed-52,107,8
sitar,23,HGAM-GS,63,5,9.744916666666667,11.557349999999998,14.446687499999998,169,1,sitar__subcase-023__HGAM-GS__seed-63,107,9
sitar,23,HGAM-GS,71,5,9.744916666666667,11.557349999999998,14.446687499999998,170,1,sitar__subcase-023__HGAM-GS__seed-71,107,10
sitar,23,HGAM-GS,73,5,9.744916666666667,11.557349999999998,14.446687499999998,171,1,sitar__subcase-023__HGAM-GS__seed-73,107,11
sitar,23,HGAM-GS,81,5,9.744916666666667,11.557349999999998,14.446687499999998,172,1,sitar__subcase-023__HGAM-GS__seed-81,107,12
sitar,23,HGAM-GS,83,5,9.744916666666667,11.557349999999998,14.446687499999998,173,1,sitar__subcase-023__HGAM-GS__seed-83,107,13
sitar,23,HGAM-GS,84,5,9.744916666666667,11.557349999999998,14.446687499999998,174,1,sitar__subcase-023__HGAM-GS__seed-84,107,14
sitar,23,HGAM-GS,90,5,9.744916666666667,11.557349999999998,14.446687499999998,175,1,sitar__subcase-023__HGAM-GS__seed-90,107,15
sitar,23,HGAM-GS,100,5,9.744916666666667,11.557349999999998,14.446687499999998,176,1,sitar__subcase-023__HGAM-GS__seed-100,107,16
sitar,15,HGAM-GS,20,5,3.182533333333333,3.5707999999999998,4.4635,177,1,sitar__subcase-015__HGAM-GS__seed-20,107,17
sitar,10,HGAM-GS,45,5,2.2645166666666667,2.44995,3.0624374999999997,178,1,sitar__subcase-010__HGAM-GS__seed-45,107,18
sitar,6,HGAM-GS,44,5,0.7250666666666666,0.7365999999999999,0.92075,179,1,sitar__subcase-006__HGAM-GS__seed-44,107,19
sitar,23,HGAM-GS,23,5,9.744916666666667,11.557349999999998,14.446687499999998,180,1,sitar__subcase-023__HGAM-GS__seed-23,108,2
sitar,23,HGAM-GS,29,5,9.744916666666667,11.557349999999998,14.446687499999998,181,1,sitar__subcase-023__HGAM-GS__seed-29,108,3
sitar,23,HGAM-GS,30,5,9.744916666666667,11.557349999999998,14.446687499999998,182,1,sitar__subcase-023__HGAM-GS__seed-30,108,4
sitar,23,HGAM-GS,33,5,9.744916666666667,11.557349999999998,14.446687499999998,183,1,sitar__subcase-023__HGAM-GS__seed-33,108,5
sitar,23,HGAM-GS,36,5,9.744916666666667,11.557349999999998,14.446687499999998,184,1,sitar__subcase-023__HGAM-GS__seed-36,108,6
sitar,23,HGAM-GS,44,5,9.744916666666667,11.557349999999998,14.446687499999998,185,1,sitar__subcase-023__HGAM-GS__seed-44,108,7
sitar,23,HGAM-GS,53,5,9.744916666666667,11.557349999999998,14.446687499999998,186,1,sitar__subcase-023__HGAM-GS__seed-53,108,8
sitar,23,HGAM-GS,55,5,9.744916666666667,11.557349999999998,14.446687499999998,187,1,sitar__subcase-023__HGAM-GS__seed-55,108,9
sitar,23,HGAM-GS,65,5,9.744916666666667,11.557349999999998,14.446687499999998,188,1,sitar__subcase-023__HGAM-GS__seed-65,108,10
sitar,23,HGAM-GS,67,5,9.744916666666667,11.557349999999998,14.446687499999998,189,1,sitar__subcase-023__HGAM-GS__seed-67,108,11
sitar,23,HGAM-GS,72,5,9.744916666666667,11.557349999999998,14.446687499999998,190,1,sitar__subcase-023__HGAM-GS__seed-72,108,12
sitar,23,HGAM-GS,75,5,9.744916666666667,11.557349999999998,14.446687499999998,191,1,sitar__subcase-023__HGAM-GS__seed-75,108,13
sitar,23,HGAM-GS,79,5,9.744916666666667,11.557349999999998,14.446687499999998,192,1,sitar__subcase-023__HGAM-GS__seed-79,108,14
sitar,23,HGAM-GS,92,5,9.744916666666667,11.557349999999998,14.446687499999998,193,1,sitar__subcase-023__HGAM-GS__seed-92,108,15
sitar,23,HGAM-GS,99,5,9.744916666666667,11.557349999999998,14.446687499999998,194,1,sitar__subcase-023__HGAM-GS__seed-99,108,16
sitar,15,HGAM-GS,75,5,3.182533333333333,3.5707999999999998,4.4635,195,1,sitar__subcase-015__HGAM-GS__seed-75,108,17
sitar,10,HGAM-GS,24,5,2.2645166666666667,2.44995,3.0624374999999997,196,1,sitar__subcase-010__HGAM-GS__seed-24,108,18
sitar,6,HGAM-GS,37,5,0.7250666666666666,0.7365999999999999,0.92075,197,1,sitar__subcase-006__HGAM-GS__seed-37,108,19
