case,subcase_id,subcase,method,GP_method,RMISE,coverage,CI_width,rmw2,rmw2_emp,n_expected,n_read,fit_fail,pred_fail,CI_fail,OOM,Timeout,unknown_missing,mean_time_total,mean_time_fit,max_time_fit,oracle_RMISE,rel_RMISE,rel_rmw2_emp_bound
2re,1,"d=50, n_i=2",AdaStruMM,FPC,1.958905910485396,0.9428,2.1039658882258645,0.6076563492962608,0.43194128507626256,2,2,0,0,0,0,0,0,0.43267500000000003,0.010475000000000012,0.012400000000000012,1.340797511293931,1.4610005567469784,1.4068031241537247
2re,1,"d=50, n_i=2",Di-95,Empirical,4.045089419167235,0,0,1.1710769863182855,0.2768786110380894,2,2,0.5,0,0,0,0,0,0.04731666666666667,0.0031833333333333306,0.0037833333333333386,1.340797511293931,3.01692789932429,4.229568264329322
2re,1,"d=50, n_i=2",Di-99,Empirical,8.217570767291669,0,0,2.0950169060579125,0.2768786110380894,2,2,0.5,0,0,0,0,0,0.041133333333333334,0.0029666666666666656,0.0037666666666666664,1.340797511293931,6.128867855192643,7.566553798443127
2re,1,"d=50, n_i=2",Di-Oracle,Empirical,16.594495259526127,0,0,4.6777614383288215,0.43194128507626256,2,2,0,0,0,0,0,0,0.034291666666666665,0.0027416666666666644,0.00321666666666666,1.340797511293931,12.3765856661769,10.829623376943296
2re,1,"d=50, n_i=2",FACE-95,FPC,17.579967674150257,0.765,3.5229371367125326,1.0824603329600486,0.43194128507626256,2,2,0,0,0,0,0,0,0.08279166666666668,0.01849166666666667,0.018616666666666667,1.340797511293931,13.111575406479375,2.5060358209772238
2re,1,"d=50, n_i=2",FACE-99,FPC,17.579967674150257,0.765,3.5229371367125326,1.1175370187559839,0.43194128507626256,2,2,0,0,0,0,0,0,0.08335833333333334,0.018933333333333337,0.019483333333333342,1.340797511293931,13.111575406479375,2.5872428901040894
2re,1,"d=50, n_i=2",Goldsmith-95,Empirical,6.212552943625895,0.9735,12.88512001708958,1.526795938990772,0.43194128507626256,2,2,0,0,0,0,0,0,0.3073416666666666,0.2765666666666667,0.2847333333333334,1.340797511293931,4.633475891248111,3.53473027872574
2re,1,"d=50, n_i=2",Goldsmith-99,Empirical,5.6684140721923,0.9566,7.474354550475272,1.279444199130153,0.43194128507626256,2,2,0,0,0,0,0,0,0.31411666666666666,0.2838583333333333,0.29584999999999995,1.340797511293931,4.22764364077766,2.9620789753965227
2re,1,"d=50, n_i=2",HGAM-GS,Empirical,5.72433774778316,0.7315,2.7806125413268914,1.2214902818576707,0.43194128507626256,2,2,0,0,0,0,0,0,0.07056666666666667,0.02046666666666667,0.02458333333333333,1.340797511293931,4.269352903451403,2.827908153401005
2re,1,"d=50, n_i=2",Local-GAM,NA,NA,NA,NA,NA,NA,2,2,1,0,0,0,0,0,0.021925000000000007,2.666666666666669e-4,2.666666666666669e-4,1.340797511293931,NA,NA
2re,1,"d=50, n_i=2",Oracle-GP,Individual,1.340797511293931,0.9271,1.080657131345315,NA,0.43194128507626256,2,2,0,0,0,0,0,0,0.026366666666666663,1.666666666666483e-5,1.6666666666672234e-5,1.340797511293931,1,NA
2re,1,"d=50, n_i=2",PACE-AIC-GCV,FPC,10.883758799964637,0.4668,1.7959459036269925,1.1076187897483458,0.43194128507626256,2,2,0,0,0,0,0,0,0.061483333333333334,0.008133333333333333,0.008183333333333343,1.340797511293931,8.117376940431006,2.5642809058013225
2re,1,"d=50, n_i=2",PACE-AIC-default,FPC,10.481905923979188,0.8866,7.903855607585367,2.0649681416753563,0.43194128507626256,2,2,0,0,0,0,0,0,0.06919166666666668,0.0050916666666666645,0.005150000000000003,1.340797511293931,7.817665110269834,4.780668607101935
2re,1,"d=50, n_i=2",PACE-BIC-GCV,FPC,10.883758799964637,0.4668,1.7959459036269925,1.1076187897483458,0.43194128507626256,2,2,0,0,0,0,0,0,0.060300000000000006,0.008816666666666674,0.009450000000000004,1.340797511293931,8.117376940431006,2.5642809058013225
2re,1,"d=50, n_i=2",PACE-BIC-default,FPC,10.481905923979188,0.8866,7.903855607585367,2.0649681416753563,0.43194128507626256,2,2,0,0,0,0,0,0,0.06922500000000001,0.005116666666666665,0.005200000000000005,1.340797511293931,7.817665110269834,4.780668607101935
2re,1,"d=50, n_i=2",PACE-FVE95-GCV,FPC,8.669826692291757,0.4807,2.50700336016938,1.143971557345392,0.43194128507626256,2,2,0,0,0,0,0,0,0.06996666666666665,0.007774999999999999,0.007816666666666671,1.340797511293931,6.466171527962471,2.6484422695168277
2re,1,"d=50, n_i=2",PACE-FVE95-default,FPC,10.424186642629344,0.815,6.330124627331885,1.9958288986187676,0.43194128507626256,2,2,0,0,0,0,0,0,0.07555833333333334,0.004383333333333331,0.004433333333333333,1.340797511293931,7.774616640337829,4.620602307710384
2re,1,"d=50, n_i=2",PACE-FVE99-GCV,FPC,10.86493308609508,0.5285,2.609789475969288,1.1137121460783366,0.43194128507626256,2,2,0,0,0,0,0,0,0.07435,0.007358333333333341,0.0078,1.340797511293931,8.103336256650657,2.578387814634811
2re,1,"d=50, n_i=2",PACE-FVE99-default,FPC,10.481016531781075,0.8953,8.438303156424045,2.0828442773860414,0.43194128507626256,2,2,0,0,0,0,0,0,0.08020833333333333,0.004608333333333325,0.0047666666666666595,1.340797511293931,7.817001779535237,4.822054175762104
2re,1,"d=50, n_i=2",PACE-Oracle-GCV,FPC,10.86493308609508,0.5285,2.609789475969288,1.1137121460783366,0.43194128507626256,2,2,0,0,0,0,0,0,0.05595,0.009333333333333327,0.00978333333333333,1.340797511293931,8.103336256650657,2.578387814634811
2re,1,"d=50, n_i=2",PACE-Oracle-default,FPC,10.481016531781075,0.8953,8.438303156424045,2.0828442773860414,0.43194128507626256,2,2,0,0,0,0,0,0,0.0808,0.007508333333333339,0.008266666666666674,1.340797511293931,7.817001779535237,4.822054175762104
2re,1,"d=50, n_i=2",bayesFPCA-Oracle,FPC,3.136025448446087,0.8185,2.6551984117557867,0.7905402207173852,0.43194128507626256,2,2,0,0,0,0,0,0,0.18662500000000004,0.14105833333333334,0.16265000000000002,1.340797511293931,2.338925469379548,1.83020296515025
2re,1,"d=50, n_i=2",bayesFPCA-PVE95-L15,FPC,5.7935408288865915,0.6865,4.141914188999614,1.6822130038568148,0.43194128507626256,2,2,0,0,0,0,0,0,7.784466666666667,7.730025,8.0027,1.340797511293931,4.32096627573209,3.894540906317411
2re,1,"d=50, n_i=2",bayesFPCA-PVE99-L15,FPC,5.7935408288865915,0.6865,4.141914188999614,1.6822130038568148,0.43194128507626256,2,2,0,0,0,0,0,0,7.7412833333333335,7.6874166666666675,8.039083333333334,1.340797511293931,4.32096627573209,3.894540906317411
2re,2,"d=50, n_i=10",AdaStruMM,FPC,0.1920347853083755,0.9562999999999999,0.22753526442604147,0.298152410491831,0.5335117405973488,2,2,0,0,0,0,0,0,0.4949583333333333,0.018991666666666667,0.019950000000000002,0.1605113523662026,1.196393790703682,0.5588488271279716
2re,2,"d=50, n_i=10",Di-95,Empirical,2.2749096343646418,0,0,0.8330998399768568,0.5335117405973488,2,2,0,0,0,0,0,0,0.10805000000000001,0.06483333333333333,0.06491666666666666,0.1605113523662026,14.172889336665067,1.5615398436107006
2re,2,"d=50, n_i=10",Di-99,Empirical,1.925018650495441,0,0,0.7537976369380216,0.5335117405973488,2,2,0,0,0,0,0,0,0.10674999999999998,0.06479166666666666,0.06485,0.1605113523662026,11.993037390299719,1.4128979356556026
2re,2,"d=50, n_i=10",Di-Oracle,Empirical,2.2181623653339377,0,0,0.7903127242123961,0.5335117405973488,2,2,0,0,0,0,0,0,0.10897499999999999,0.06454166666666666,0.065,0.1605113523662026,13.819348803898034,1.481340829214965
2re,2,"d=50, n_i=10",FACE-95,FPC,1.7136805121182976,0.9158,1.693194798567617,0.830708427332234,0.5335117405973488,2,2,0,0,0,0,0,0,0.07481666666666667,0.016625,0.017049999999999996,0.1605113523662026,10.67638199327222,1.5570574443256442
2re,2,"d=50, n_i=10",FACE-99,FPC,1.7136805121182976,0.9158,1.693194798567617,0.8272267413875428,0.5335117405973488,2,2,0,0,0,0,0,0,0.07635833333333333,0.017624999999999988,0.017716666666666648,0.1605113523662026,10.67638199327222,1.5505314662079126
2re,2,"d=50, n_i=10",Goldsmith-95,Empirical,2.430568131990345,0.8785000000000001,1.8226333060671618,0.9487539505739151,0.5335117405973488,2,2,0,0,0,0,0,0,2.779041666666667,2.741825,2.74595,0.1605113523662026,15.14265562005275,1.778318785471597
2re,2,"d=50, n_i=10",Goldsmith-99,Empirical,2.118368498820669,0.9673,2.0515468302308073,0.8727492477487911,0.5335117405973488,2,2,0,0,0,0,0,0,2.6663500000000004,2.628658333333333,2.74195,0.1605113523662026,13.197624140550912,1.6358576228737036
2re,2,"d=50, n_i=10",HGAM-GS,Empirical,1.234841679018791,0.9648,0.9343932576705274,0.6438583364248331,0.5335117405973488,2,2,0,0,0,0,0,0,0.07304166666666666,0.027233333333333325,0.030516666666666657,0.1605113523662026,7.693173478481017,1.2068306794972015
2re,2,"d=50, n_i=10",Local-GAM,Empirical,2.0339420018659182,0.7159,0.5541377573761641,0.8074159731851893,0.5335117405973488,2,2,0,0,0,0,0,0,0.06411666666666668,0.01568333333333333,0.016016666666666672,0.1605113523662026,12.671639556219867,1.5133986972454672
2re,2,"d=50, n_i=10",Oracle-GP,Individual,0.1605113523662026,0.9412,0.18533596354563925,NA,0.5335117405973488,2,2,0,0,0,0,0,0,0.042033333333333325,3.333333333332966e-5,3.333333333332966e-5,0.1605113523662026,1,NA
2re,2,"d=50, n_i=10",PACE-AIC-GCV,FPC,2.0208730002563664,0.8085,1.655304714896373,0.8683195150126916,0.5335117405973488,2,2,0,0,0,0,0,0,0.2257166666666667,0.15698333333333334,0.15935,0.1605113523662026,12.59021851392664,1.6275546514505448
2re,2,"d=50, n_i=10",PACE-AIC-default,FPC,2.01691113515035,0.8099000000000001,1.5674083024056789,0.8665295473607763,0.5335117405973488,2,2,0,0,0,0,0,0,0.09620833333333334,0.034283333333333325,0.0343,0.1605113523662026,12.565535741975546,1.6241995844188217
2re,2,"d=50, n_i=10",PACE-BIC-GCV,FPC,2.0208730002563664,0.8085,1.655304714896373,0.8683195150126916,0.5335117405973488,2,2,0,0,0,0,0,0,0.221225,0.15431666666666666,0.155,0.1605113523662026,12.59021851392664,1.6275546514505448
2re,2,"d=50, n_i=10",PACE-BIC-default,FPC,2.01691113515035,0.8099000000000001,1.5674083024056789,0.8665295473607763,0.5335117405973488,2,2,0,0,0,0,0,0,0.08644166666666667,0.03104166666666667,0.034249999999999996,0.1605113523662026,12.565535741975546,1.6241995844188217
2re,2,"d=50, n_i=10",PACE-FVE95-GCV,FPC,2.0674754206152883,0.7419,1.410831863702504,0.8353135442969704,0.5335117405973488,2,2,0,0,0,0,0,0,0.21861666666666668,0.15465833333333334,0.15994999999999998,0.1605113523662026,12.880555737256486,1.5656891512110076
2re,2,"d=50, n_i=10",PACE-FVE95-default,FPC,2.0575039918714975,0.722,1.3447267024196785,0.8337809184777252,0.5335117405973488,2,2,0,0,0,0,0,0,0.092975,0.03419166666666666,0.03428333333333334,0.1605113523662026,12.818432849393444,1.5628164387613637
2re,2,"d=50, n_i=10",PACE-FVE99-GCV,FPC,2.0208730002563664,0.8085,1.655304714896373,0.8683195150126916,0.5335117405973488,2,2,0,0,0,0,0,0,0.20474166666666666,0.14865833333333334,0.1553166666666667,0.1605113523662026,12.59021851392664,1.6275546514505448
2re,2,"d=50, n_i=10",PACE-FVE99-default,FPC,2.01691113515035,0.8099000000000001,1.5674083024056789,0.8665295473607763,0.5335117405973488,2,2,0,0,0,0,0,0,0.09393333333333334,0.03448333333333333,0.034550000000000004,0.1605113523662026,12.565535741975546,1.6241995844188217
2re,2,"d=50, n_i=10",PACE-Oracle-GCV,FPC,2.0208730002563664,0.8085,1.655304714896373,0.8683195150126916,0.5335117405973488,2,2,0,0,0,0,0,0,0.242975,0.16400000000000003,0.16961666666666667,0.1605113523662026,12.59021851392664,1.6275546514505448
2re,2,"d=50, n_i=10",PACE-Oracle-default,FPC,2.01691113515035,0.8099000000000001,1.5674083024056789,0.8665295473607763,0.5335117405973488,2,2,0,0,0,0,0,0,0.116425,0.033575000000000015,0.04108333333333336,0.1605113523662026,12.565535741975546,1.6241995844188217
2re,2,"d=50, n_i=10",bayesFPCA-Oracle,FPC,1.7637618010923406,0.7339,0.8561154983203186,0.4497643728116914,0.5335117405973488,2,2,0,0,0,0,0,0,2.564158333333333,2.505666666666667,4.69725,0.1605113523662026,10.988392877460546,0.8430261952775597
2re,2,"d=50, n_i=10",bayesFPCA-PVE95-L15,FPC,1.5844604219045797,0.5646,0.8336807084869172,0.560480189977924,0.43297217288038986,2,1,0,0,0,0,0.5,0,17.218816666666665,17.1696,17.1696,0.1605113523662026,9.871329339308495,1.2944947160212967
2re,2,"d=50, n_i=10",bayesFPCA-PVE99-L15,FPC,0.4963175737118581,0.987,1.026555840327579,0.27170069152516224,0.43297217288038986,2,1,0,0,0,0,0.5,0,18.204633333333334,18.151883333333334,18.151883333333334,0.1605113523662026,3.092102623243259,0.6275246044512439
2re,3,"d=200, n_i=5",AdaStruMM,FPC,0.4291680849287568,0.943375,0.3325771651764077,0.3929623604992744,0.34488843352305304,2,2,0,0,0,0,0,0,1.7258,0.06601666666666665,0.07774999999999999,0.40478729914805117,1.0602311036735081,1.139389791896306
2re,3,"d=200, n_i=5",Di-95,Empirical,2.0948223713923046,0,0,0.5828626074962406,0.34488843352305304,2,2,0,0,0,0,0,0,0.2892416666666666,0.220125,0.25398333333333334,0.40478729914805117,5.175118823642049,1.6900033484517565
2re,3,"d=200, n_i=5",Di-99,Empirical,452.8331495131095,0,0,144.8102813327203,0.34488843352305304,2,2,0,0,0,0,0,0,0.24143333333333333,0.18659166666666666,0.18681666666666666,0.40478729914805117,1118.6940659111083,419.8757257628963
2re,3,"d=200, n_i=5",Di-Oracle,Empirical,2.0948223713923046,0,0,0.5828626074962406,0.34488843352305304,2,2,0,0,0,0,0,0,0.23023333333333335,0.17641666666666667,0.18661666666666665,0.40478729914805117,5.175118823642049,1.6900033484517565
2re,3,"d=200, n_i=5",FACE-95,FPC,1.5945116372568806,0.9706250000000001,2.346327287541913,0.529245027120705,0.34488843352305304,2,2,0,0,0,0,0,0,0.2679,0.08726666666666669,0.08875000000000002,0.40478729914805117,3.9391345544013405,1.534539798028133
2re,3,"d=200, n_i=5",FACE-99,FPC,1.5945116372568806,0.9706250000000001,2.346327287541913,0.6123494582178935,0.34488843352305304,2,2,0,0,0,0,0,0,0.276825,0.08846666666666668,0.08870000000000001,0.40478729914805117,3.9391345544013405,1.7755001290206007
2re,3,"d=200, n_i=5",Goldsmith-95,NA,NA,NA,NA,NA,NA,2,0,0,0,0,1,0,0,NA,NA,NA,0.40478729914805117,NA,NA
2re,3,"d=200, n_i=5",Goldsmith-99,NA,NA,NA,NA,NA,NA,2,0,0,0,0,1,0,0,NA,NA,NA,0.40478729914805117,NA,NA
2re,3,"d=200, n_i=5",HGAM-GS,Empirical,2.6975141204695126,0.929025,2.069645315093471,0.6637778515774644,0.34488843352305304,2,2,0,0,0,0,0,0,0.9009416666666668,0.7443083333333333,0.8373333333333334,0.40478729914805117,6.66402855560667,1.9246161571640417
2re,3,"d=200, n_i=5",Local-GAM,Empirical,4.651702683419835,0.4433,0.9772429476872029,1.0134338912763126,0.34488843352305304,2,2,0,0,0,0,0,0,0.10595,0.05045,0.05115,0.40478729914805117,11.491720943839377,2.938439775796577
2re,3,"d=200, n_i=5",Oracle-GP,Individual,0.40478729914805117,0.939125,0.30855419111932464,NA,0.34488843352305304,2,2,0,0,0,0,0,0,0.0766,3.333333333334447e-5,3.333333333334447e-5,0.40478729914805117,1,NA
2re,3,"d=200, n_i=5",PACE-AIC-GCV,FPC,2.1882154143627837,0.81995,2.108418941834634,0.6902210009567165,0.34488843352305304,2,2,0,0,0,0,0,0,0.6075666666666667,0.23285,0.279,0.40478729914805117,5.40584010162444,2.0012877611060294
2re,3,"d=200, n_i=5",PACE-AIC-default,FPC,2.121937136514982,0.81815,2.0465241259194746,0.6776981524855985,0.34488843352305304,2,2,0,0,0,0,0,0,0.3955166666666667,0.05149166666666668,0.051883333333333344,0.40478729914805117,5.242104040766561,1.964977907675468
2re,3,"d=200, n_i=5",PACE-BIC-GCV,FPC,2.1882154143627837,0.81995,2.108418941834634,0.6902210009567165,0.34488843352305304,2,2,0,0,0,0,0,0,0.6906083333333333,0.272575,0.3584,0.40478729914805117,5.40584010162444,2.0012877611060294
2re,3,"d=200, n_i=5",PACE-BIC-default,FPC,2.121937136514982,0.81815,2.0465241259194746,0.6776981524855985,0.34488843352305304,2,2,0,0,0,0,0,0,0.35850000000000004,0.04202500000000001,0.0421,0.40478729914805117,5.242104040766561,1.964977907675468
2re,3,"d=200, n_i=5",PACE-FVE95-GCV,FPC,2.298867058480408,0.714125,1.6300076431810626,0.722260621445428,0.34488843352305304,2,2,0,0,0,0,0,0,0.5889166666666668,0.2616583333333333,0.3210666666666667,0.40478729914805117,5.679197601601616,2.0941862679113323
2re,3,"d=200, n_i=5",PACE-FVE95-default,FPC,2.2417858295434936,0.708725,1.5679119659243745,0.7156241667601979,0.34488843352305304,2,2,0,0,0,0,0,0,0.4105416666666667,0.055458333333333346,0.0580666666666667,0.40478729914805117,5.538182236107065,2.074943944770952
2re,3,"d=200, n_i=5",PACE-FVE99-GCV,FPC,1.9039772095113943,0.9675,2.97761687867921,0.6394178261553594,0.34488843352305304,2,2,0,0,0,0,0,0,0.69365,0.26845833333333335,0.33863333333333334,0.40478729914805117,4.703648591540945,1.8539845468973066
2re,3,"d=200, n_i=5",PACE-FVE99-default,FPC,1.867032482414646,0.965275,2.910728515817548,0.6603736193876476,0.34488843352305304,2,2,0,0,0,0,0,0,0.5400166666666666,0.053266666666666664,0.05328333333333332,0.40478729914805117,4.612379109582136,1.9147456255401123
2re,3,"d=200, n_i=5",PACE-Oracle-GCV,FPC,1.9039772095113943,0.9675,2.97761687867921,0.6394178261553594,0.34488843352305304,2,2,0,0,0,0,0,0,0.6223166666666666,0.2416583333333333,0.30189999999999995,0.40478729914805117,4.703648591540945,1.8539845468973066
2re,3,"d=200, n_i=5",PACE-Oracle-default,FPC,1.867032482414646,0.965275,2.910728515817548,0.6603736193876476,0.34488843352305304,2,2,0,0,0,0,0,0,0.4559083333333333,0.04980000000000002,0.04981666666666668,0.40478729914805117,4.612379109582136,1.9147456255401123
2re,3,"d=200, n_i=5",bayesFPCA-Oracle,FPC,1.3271758920016343,0.853425,1.3493647433051308,0.42921862635166386,0.34488843352305304,2,2,0,0,0,0,0,0,0.6447083333333333,0.5412666666666668,0.6951166666666667,0.40478729914805117,3.2786994423859603,1.2445144128701957
2re,3,"d=200, n_i=5",bayesFPCA-PVE95-L15,FPC,2.448823936528927,0.9071499999999999,3.9772371346594766,0.8208374706868462,0.34488843352305304,2,2,0,0,0,0,0,0,61.608333333333334,61.52050833333334,90.1285,0.40478729914805117,6.049656058090074,2.3800086952813966
2re,3,"d=200, n_i=5",bayesFPCA-PVE99-L15,FPC,2.448823936528927,0.9071499999999999,3.9772371346594766,0.8208374706868462,0.34488843352305304,2,2,0,0,0,0,0,0,62.316975,62.23202500000001,90.48763333333335,0.40478729914805117,6.049656058090074,2.3800086952813966
2re,4,"d=500, n_i=2",AdaStruMM,FPC,1.4921409124290501,0.97829,1.5036713456519937,0.21820176716418138,0.19563960158628635,2,2,0,0,0,0,0,0,4.961116666666666,0.11895833333333333,0.16973333333333335,1.376061895590627,1.0843559560877167,1.1153251458035915
2re,4,"d=500, n_i=2",Di-95,Empirical,39.691702931632214,0,0,10.75471549817645,0.2129954249301537,2,2,0.5,0,0,0,0,0,0.3121666666666667,0.21399999999999997,0.28624999999999995,1.376061895590627,28.8444168527724,50.492706600168425
2re,4,"d=500, n_i=2",Di-99,NA,NA,NA,NA,NA,NA,2,2,1,0,0,0,0,0,0.19645833333333335,0.12955000000000003,0.12955000000000003,1.376061895590627,NA,NA
2re,4,"d=500, n_i=2",Di-Oracle,Empirical,70.92951540552666,0,0,21.85230929755218,0.19563960158628635,2,2,0,0,0,0,0,0,0.41339166666666666,0.2858166666666667,0.2859166666666667,1.376061895590627,51.545294316199794,111.6967583268885
2re,4,"d=500, n_i=2",FACE-95,FPC,3.060896546446812,0.9719599999999999,4.608194863804515,0.8257263768851488,0.19563960158628635,2,2,0,0,0,0,0,0,0.48468333333333335,0.20758333333333334,0.20804999999999998,1.376061895590627,2.2243887111873177,4.220650472552533
2re,4,"d=500, n_i=2",FACE-99,FPC,3.060896546446812,0.9719599999999999,4.608194863804515,0.8988933243264331,0.19563960158628635,2,2,0,0,0,0,0,0,0.8622416666666668,0.30263333333333337,0.30268333333333336,1.376061895590627,2.2243887111873177,4.594638902543351
2re,4,"d=500, n_i=2",Goldsmith-95,NA,NA,NA,NA,NA,NA,2,0,0,0,0,1,0,0,NA,NA,NA,1.376061895590627,NA,NA
2re,4,"d=500, n_i=2",Goldsmith-99,NA,NA,NA,NA,NA,NA,2,0,0,0,0,1,0,0,NA,NA,NA,1.376061895590627,NA,NA
2re,4,"d=500, n_i=2",HGAM-GS,Empirical,4.822850246251471,0.74927,2.67182392200632,0.9375065247870497,0.19563960158628635,2,2,0,0,0,0,0,0,13.129983333333334,11.96565,14.5721,1.376061895590627,3.50482072187707,4.792007943103303
2re,4,"d=500, n_i=2",Local-GAM,NA,NA,NA,NA,NA,NA,2,2,1,0,0,0,0,0,0.07593333333333332,7.333333333333265e-4,7.499999999999988e-4,1.376061895590627,NA,NA
2re,4,"d=500, n_i=2",Oracle-GP,Individual,1.376061895590627,0.93813,1.0329676085118584,NA,0.19563960158628635,2,2,0,0,0,0,0,0,0.098075,2.5000000000000946e-5,3.333333333334447e-5,1.376061895590627,1,NA
2re,4,"d=500, n_i=2",PACE-AIC-GCV,FPC,3.361295107329343,0.88097,3.8184297247410193,0.743549095478357,0.19563960158628635,2,2,0,0,0,0,0,0,1.6264333333333334,0.26498333333333335,0.26513333333333333,1.376061895590627,2.442691799039042,3.8006062650378922
2re,4,"d=500, n_i=2",PACE-AIC-default,FPC,3.012736796925565,0.87035,3.4208172212984516,0.6546284735930913,0.19563960158628635,2,2,0,0,0,0,0,0,1.5204083333333336,0.1811583333333333,0.18791666666666665,1.376061895590627,2.189390467521413,3.346093880202312
2re,4,"d=500, n_i=2",PACE-BIC-GCV,FPC,3.361295107329343,0.88097,3.8184297247410193,0.743549095478357,0.19563960158628635,2,2,0,0,0,0,0,0,1.6385666666666667,0.26335000000000003,0.26345,1.376061895590627,2.442691799039042,3.8006062650378922
2re,4,"d=500, n_i=2",PACE-BIC-default,FPC,3.012736796925565,0.87035,3.4208172212984516,0.6546284735930913,0.19563960158628635,2,2,0,0,0,0,0,0,1.562675,0.20735000000000003,0.20745000000000005,1.376061895590627,2.189390467521413,3.346093880202312
2re,4,"d=500, n_i=2",PACE-FVE95-GCV,FPC,3.361295107329343,0.88097,3.8184297247410193,0.743549095478357,0.19563960158628635,2,2,0,0,0,0,0,0,1.4528666666666665,0.09970000000000001,0.10118333333333333,1.376061895590627,2.442691799039042,3.8006062650378922
2re,4,"d=500, n_i=2",PACE-FVE95-default,FPC,2.972057371885049,0.95416,4.878993865351106,0.6671555561209824,0.19563960158628635,2,2,0,0,0,0,0,0,2.112866666666667,0.10677499999999998,0.11063333333333333,1.376061895590627,2.1598282616563522,3.410125305467539
2re,4,"d=500, n_i=2",PACE-FVE99-GCV,FPC,3.309415121973412,0.9770099999999999,5.366012870123841,0.6245130042491909,0.19563960158628635,2,2,0,0,0,0,0,0,2.2332833333333335,0.30257500000000004,0.35845000000000005,1.376061895590627,2.404990017220817,3.192160478683816
2re,4,"d=500, n_i=2",PACE-FVE99-default,FPC,2.9461809449863168,0.9807699999999999,6.226002434448147,0.8350902918878539,0.19563960158628635,2,2,0,0,0,0,0,0,2.4829333333333334,0.29009166666666664,0.29013333333333335,1.376061895590627,2.1410235647298195,4.26851355817927
2re,4,"d=500, n_i=2",PACE-Oracle-GCV,FPC,3.309415121973412,0.9770099999999999,5.366012870123841,0.6245130042491909,0.19563960158628635,2,2,0,0,0,0,0,0,1.9763416666666667,0.23018333333333335,0.23096666666666668,1.376061895590627,2.404990017220817,3.192160478683816
2re,4,"d=500, n_i=2",PACE-Oracle-default,FPC,2.9461809449863168,0.9807699999999999,6.226002434448147,0.8350902918878539,0.19563960158628635,2,2,0,0,0,0,0,0,2.172341666666667,0.15427500000000002,0.15433333333333335,1.376061895590627,2.1410235647298195,4.26851355817927
2re,4,"d=500, n_i=2",bayesFPCA-Oracle,FPC,2.2164486199525073,0.84582,2.014984305720295,0.46711144755841844,0.19563960158628635,2,2,0,0,0,0,0,0,1.313475,1.1399583333333334,1.2093500000000001,1.376061895590627,1.6107186944531833,2.387611934245328
2re,4,"d=500, n_i=2",bayesFPCA-PVE95-L15,FPC,3.1709546423740376,0.9417599999999999,4.539537237445225,0.7854182841024908,0.19563960158628635,2,2,0,0,0,0,0,0,22.833008333333332,22.67089166666667,24.576166666666666,1.376061895590627,2.3043691948268177,4.014618092319536
2re,4,"d=500, n_i=2",bayesFPCA-PVE99-L15,FPC,3.1709546423740376,0.9417599999999999,4.539537237445225,0.7854182841024908,0.19563960158628635,2,2,0,0,0,0,0,0,22.643708333333336,22.480758333333334,24.5852,1.376061895590627,2.3043691948268177,4.014618092319536
2re,5,"d=500, n_i=10",AdaStruMM,FPC,0.16500818257169095,0.94,0.1868701144485742,0.16285421741288675,0.19135642645411963,2,2,0,0,0,0,0,0,4.7700249999999995,0.17758333333333337,0.1987166666666667,0.16221838754105475,1.017197773155834,0.8510517280794503
2re,5,"d=500, n_i=10",Di-95,NA,NA,NA,NA,NA,NA,2,0,0,0,0,1,0,0,NA,NA,NA,0.16221838754105475,NA,NA
2re,5,"d=500, n_i=10",Di-99,NA,NA,NA,NA,NA,NA,2,0,0,0,0,1,0,0,NA,NA,NA,0.16221838754105475,NA,NA
2re,5,"d=500, n_i=10",Di-Oracle,NA,NA,NA,NA,NA,NA,2,0,0,0,0,1,0,0,NA,NA,NA,0.16221838754105475,NA,NA
2re,5,"d=500, n_i=10",FACE-95,FPC,0.705357545210057,0.9898199999999999,1.3981895500604176,0.35496134232795723,0.19135642645411963,2,2,0,0,0,0,0,0,0.598125,0.25424166666666664,0.2803833333333333,0.16221838754105475,4.3481972413980685,1.8549747657054212
2re,5,"d=500, n_i=10",FACE-99,FPC,0.705357545210057,0.9898199999999999,1.3981895500604176,0.56105259889735,0.19135642645411963,2,2,0,0,0,0,0,0,0.6347833333333333,0.2804916666666667,0.28075,0.16221838754105475,4.3481972413980685,2.9319767791120945
2re,5,"d=500, n_i=10",Goldsmith-95,NA,NA,NA,NA,NA,NA,2,0,0,0,0,1,0,0,NA,NA,NA,0.16221838754105475,NA,NA
2re,5,"d=500, n_i=10",Goldsmith-99,NA,NA,NA,NA,NA,NA,2,0,0,0,0,1,0,0,NA,NA,NA,0.16221838754105475,NA,NA
2re,5,"d=500, n_i=10",HGAM-GS,Empirical,1.1575475198503016,0.95753,0.8882288468016805,0.35898631288580374,0.19135642645411963,2,2,0,0,0,0,0,0,13.522516666666668,12.316116666666666,12.512316666666667,0.16221838754105475,7.135735580883799,1.8760086584908906
2re,5,"d=500, n_i=10",Local-GAM,Empirical,1.8420497008042513,0.66325,0.47764495116984274,0.5293861520711783,0.19135642645411963,2,2,0,0,0,0,0,0,0.20811666666666667,0.11596666666666666,0.1169,0.16221838754105475,11.355369318648044,2.766492674852005
2re,5,"d=500, n_i=10",Oracle-GP,Individual,0.16221838754105475,0.94182,0.18460352890211817,NA,0.19135642645411963,2,2,0,0,0,0,0,0,0.10469166666666667,2.499999999998614e-5,3.3333333333314856e-5,0.16221838754105475,1,NA
2re,5,"d=500, n_i=10",PACE-AIC-GCV,FPC,0.9356801526251528,0.96931,1.370319642978901,0.3778403404269472,0.19135642645411963,2,2,0,0,0,0,0,0,12.730975,10.457925,12.79215,0.16221838754105475,5.768027699007598,1.97453698017056
2re,5,"d=500, n_i=10",PACE-AIC-default,FPC,1.0162175189200562,0.94521,1.4718806616399318,0.34287172002000293,0.19135642645411963,2,2,0,0,0,0,0,0,5.227008333333334,2.905841666666667,3.9409833333333335,0.16221838754105475,6.264502651790128,1.7917962117787103
2re,5,"d=500, n_i=10",PACE-BIC-GCV,FPC,0.9356801526251528,0.96931,1.370319642978901,0.3778403404269472,0.19135642645411963,2,2,0,0,0,0,0,0,12.249566666666666,9.922116666666668,11.918683333333336,0.16221838754105475,5.768027699007598,1.97453698017056
2re,5,"d=500, n_i=10",PACE-BIC-default,FPC,1.0162175189200562,0.94521,1.4718806616399318,0.34287172002000293,0.19135642645411963,2,2,0,0,0,0,0,0,5.151125,2.770925,3.6714333333333333,0.16221838754105475,6.264502651790128,1.7917962117787103
2re,5,"d=500, n_i=10",PACE-FVE95-GCV,FPC,1.4052487950780146,0.6835600000000001,0.9872955690154837,0.46323189900925615,0.19135642645411963,2,2,0,0,0,0,0,0,14.674508333333334,12.799833333333334,12.813366666666667,0.16221838754105475,8.662697345098254,2.420780464983874
2re,5,"d=500, n_i=10",PACE-FVE95-default,FPC,1.8429425019817296,0.52553,0.826074005696296,0.5915501348613083,0.19135642645411963,2,2,0,0,0,0,0,0,5.818225,3.957533333333333,3.985516666666667,0.16221838754105475,11.360873017649197,3.091352330427955
2re,5,"d=500, n_i=10",PACE-FVE99-GCV,FPC,0.9576028748579959,0.98276,1.6354347504703117,0.5247147692756858,0.19135642645411963,2,2,0,0,0,0,0,0,14.063875,11.442991666666668,12.652000000000003,0.16221838754105475,5.903170962142887,2.7420807286108757
2re,5,"d=500, n_i=10",PACE-FVE99-default,FPC,1.0176123282565894,0.96219,1.7271721264154654,0.4154861296017122,0.19135642645411963,2,2,0,0,0,0,0,0,6.668716666666667,3.8003333333333336,3.9854333333333334,0.16221838754105475,6.273100994787344,2.1712682312309526
2re,5,"d=500, n_i=10",PACE-Oracle-GCV,FPC,0.9576028748579959,0.98276,1.6354347504703117,0.5247147692756858,0.19135642645411963,2,2,0,0,0,0,0,0,10.591325000000001,8.230458333333333,8.358366666666667,0.16221838754105475,5.903170962142887,2.7420807286108757
2re,5,"d=500, n_i=10",PACE-Oracle-default,FPC,1.0176123282565894,0.96219,1.7271721264154654,0.4154861296017122,0.19135642645411963,2,2,0,0,0,0,0,0,4.2867,2.044783333333333,2.0449333333333333,0.16221838754105475,6.273100994787344,2.1712682312309526
2re,5,"d=500, n_i=10",bayesFPCA-Oracle,FPC,0.36131044140253316,0.8065100000000001,0.28309250138000946,0.18096160734859537,0.19135642645411963,2,2,0,0,0,0,0,0,51.49814166666666,51.32090833333333,82.14186666666666,0.16221838754105475,2.2273087957497517,0.9456782335553462
2re,5,"d=500, n_i=10",bayesFPCA-PVE95-L15,FPC,1.662549202260373,0.86806,2.7061852660011154,0.5507413868226092,0.19135642645411963,2,2,0,0,0,0,0,0,55.324600000000004,55.181875000000005,80.21856666666667,0.16221838754105475,10.248833239324425,2.878091930477481
2re,5,"d=500, n_i=10",bayesFPCA-PVE99-L15,FPC,1.662549202260373,0.86806,2.7061852660011154,0.5507413868226092,0.19135642645411963,2,2,0,0,0,0,0,0,54.9577,54.81544166666667,80.10373333333334,0.16221838754105475,10.248833239324425,2.878091930477481
3re,1,"d=50, n_i=2",AdaStruMM,FPC,4.132685718949728,0.8308,3.3674356328770423,1.0919377403759272,0.44323535962963334,2,2,0,0,0,0,0,0,0.4365833333333333,0.013524999999999995,0.016733333333333326,2.715091236580383,1.5221167021093494,2.4635618902073797
3re,1,"d=50, n_i=2",Di-95,Empirical,10.114380007431542,0,0,2.3616789724387894,0.29217663381763737,2,2,0.5,0,0,0,0,0,0.033958333333333326,0.002883333333333334,0.0034166666666666677,2.715091236580383,3.725244982990131,8.083052164646528
3re,1,"d=50, n_i=2",Di-99,Empirical,10.114380007431542,0,0,2.3616789724387894,0.29217663381763737,2,2,0.5,0,0,0,0,0,0.028925000000000006,0.0028250000000000107,0.0034500000000000125,2.715091236580383,3.725244982990131,8.083052164646528
3re,1,"d=50, n_i=2",Di-Oracle,NA,NA,NA,NA,NA,NA,2,2,1,0,0,0,0,0,0.02293333333333334,0.0026666666666666766,0.0031333333333333434,2.715091236580383,NA,NA
3re,1,"d=50, n_i=2",FACE-95,FPC,5.48376899121503,0.7245999999999999,3.648755106072653,1.3134314172175805,0.44323535962963334,2,2,0,0,0,0,0,0,0.06108333333333334,0.014916666666666667,0.014933333333333331,2.715091236580383,2.0197365441471336,2.9632821224260657
3re,1,"d=50, n_i=2",FACE-99,FPC,5.48376899121503,0.7245999999999999,3.648755106072653,1.3220255730164636,0.44323535962963334,2,2,0,0,0,0,0,0,0.05970833333333332,0.015066666666666673,0.015300000000000003,2.715091236580383,2.0197365441471336,2.9826717212298806
3re,1,"d=50, n_i=2",Goldsmith-95,Empirical,57.733328229546196,0.971,61.94728987363625,17.936374711198376,0.44323535962963334,2,2,0,0,0,0,0,0,0.32647499999999996,0.29532500000000006,0.3109,2.715091236580383,21.263863052447718,40.466930991665414
3re,1,"d=50, n_i=2",Goldsmith-99,Empirical,6.202832673562064,0.9277,6.938630082900071,1.5058019465711299,0.44323535962963334,2,2,0,0,0,0,0,0,0.31585833333333335,0.28431666666666666,0.2985333333333333,2.715091236580383,2.2845761460946115,3.397296523971768
3re,1,"d=50, n_i=2",HGAM-GS,Empirical,6.70096159003468,0.7652,4.565634226498574,1.499136623924627,0.44323535962963334,2,2,0,0,0,0,0,0,0.04895000000000001,0.019341666666666663,0.022949999999999995,2.715091236580383,2.4680428781739363,3.3822586383390147
3re,1,"d=50, n_i=2",Local-GAM,NA,NA,NA,NA,NA,NA,2,2,1,0,0,0,0,0,0.021275,2.499999999999947e-4,2.499999999999947e-4,2.715091236580383,NA,NA
3re,1,"d=50, n_i=2",Oracle-GP,Individual,2.715091236580383,0.9525,2.7769964176973847,NA,0.44323535962963334,2,2,0,0,0,0,0,0,0.028858333333333333,1.666666666666483e-5,1.6666666666672234e-5,2.715091236580383,1,NA
3re,1,"d=50, n_i=2",PACE-AIC-GCV,FPC,5.593929237753446,0.4697,2.6904355936750712,1.376826367571572,0.44323535962963334,2,2,0,0,0,0,0,0,0.05619166666666667,0.0069916666666666625,0.007216666666666664,2.715091236580383,2.06030985713722,3.1063098592180136
3re,1,"d=50, n_i=2",PACE-AIC-default,FPC,9.322196504175187,0.8662,7.9345296937713226,2.085194532764,0.44323535962963334,2,2,0,0,0,0,0,0,0.07135833333333333,0.008108333333333332,0.008183333333333327,2.715091236580383,3.4334744919718996,4.7044859744637355
3re,1,"d=50, n_i=2",PACE-BIC-GCV,FPC,5.593929237753446,0.4697,2.6904355936750712,1.376826367571572,0.44323535962963334,2,2,0,0,0,0,0,0,0.056175,0.00705833333333333,0.007333333333333325,2.715091236580383,2.06030985713722,3.1063098592180136
3re,1,"d=50, n_i=2",PACE-BIC-default,FPC,9.322196504175187,0.8662,7.9345296937713226,2.085194532764,0.44323535962963334,2,2,0,0,0,0,0,0,0.06626666666666667,0.008500000000000004,0.008833333333333337,2.715091236580383,3.4334744919718996,4.7044859744637355
3re,1,"d=50, n_i=2",PACE-FVE95-GCV,FPC,5.593929237753446,0.4697,2.6904355936750712,1.376826367571572,0.44323535962963334,2,2,0,0,0,0,0,0,0.05613333333333334,0.009025000000000002,0.009083333333333332,2.715091236580383,2.06030985713722,3.1063098592180136
3re,1,"d=50, n_i=2",PACE-FVE95-default,FPC,9.238023702047363,0.7594000000000001,6.406579440270015,2.053682520673899,0.44323535962963334,2,2,0,0,0,0,0,0,0.06534999999999999,0.007900000000000003,0.007900000000000003,2.715091236580383,3.4024726600651976,4.633390536328041
3re,1,"d=50, n_i=2",PACE-FVE99-GCV,FPC,5.593929237753446,0.4697,2.6904355936750712,1.376826367571572,0.44323535962963334,2,2,0,0,0,0,0,0,0.055874999999999994,0.010399999999999994,0.010483333333333325,2.715091236580383,2.06030985713722,3.1063098592180136
3re,1,"d=50, n_i=2",PACE-FVE99-default,FPC,9.322343273157696,0.877,8.44787617761672,2.0959288444355746,0.44323535962963334,2,2,0,0,0,0,0,0,0.06954166666666667,0.00793333333333334,0.007950000000000006,2.715091236580383,3.433528548712436,4.728704059592467
3re,1,"d=50, n_i=2",PACE-Oracle-GCV,FPC,5.593929237753446,0.4697,2.6904355936750712,1.376826367571572,0.44323535962963334,2,2,0,0,0,0,0,0,0.064075,0.010441666666666669,0.01051666666666667,2.715091236580383,2.06030985713722,3.1063098592180136
3re,1,"d=50, n_i=2",PACE-Oracle-default,FPC,9.322343273157696,0.877,8.44787617761672,2.0959288444355746,0.44323535962963334,2,2,0,0,0,0,0,0,0.06943333333333333,0.00805833333333333,0.008099999999999996,2.715091236580383,3.433528548712436,4.728704059592467
3re,1,"d=50, n_i=2",bayesFPCA-Oracle,FPC,4.000442722368269,0.6889000000000001,2.681489006765194,1.0181476364305602,0.44323535962963334,2,2,0,0,0,0,0,0,1.7657500000000002,1.7061666666666666,2.8648833333333332,2.715091236580383,1.473410052844768,2.297081255613998
3re,1,"d=50, n_i=2",bayesFPCA-PVE95-L15,FPC,7.619420062265913,0.5395,3.9577851896651524,2.3362280176967283,0.44323535962963334,2,2,0,0,0,0,0,0,16.615525,16.562325,30.795883333333336,2.715091236580383,2.806321923775372,5.27085208104533
3re,1,"d=50, n_i=2",bayesFPCA-PVE99-L15,FPC,7.619420062265913,0.5395,3.9577851896651524,2.3362280176967283,0.44323535962963334,2,2,0,0,0,0,0,0,16.573708333333332,16.520400000000002,30.686733333333336,2.715091236580383,2.806321923775372,5.27085208104533
3re,2,"d=50, n_i=10",AdaStruMM,FPC,0.2690098991686964,0.9441999999999999,0.30383810799088945,0.49352224175712917,0.5649691634244033,2,2,0,0,0,0,0,0,0.48161666666666664,0.03644999999999999,0.040083333333333325,0.22693153613323305,1.1854231622120552,0.8735383693612259
3re,2,"d=50, n_i=10",Di-95,Empirical,2.835069332498756,0.1398,0.2888181902010376,1.0057095948453634,0.5649691634244033,2,2,0,0,0,0,0,0,0.09258333333333332,0.05676666666666666,0.05678333333333333,0.22693153613323305,12.493060157290204,1.7801141371142004
3re,2,"d=50, n_i=10",Di-99,Empirical,2.662720852930019,0.1967,0.3692990986261485,0.9255453505718361,0.5649691634244033,2,2,0,0,0,0,0,0,0.08489166666666667,0.051683333333333324,0.05679999999999999,0.22693153613323305,11.73358669447651,1.6382227747827875
3re,2,"d=50, n_i=10",Di-Oracle,Empirical,2.6797282755742873,0.2298,0.42393144662847715,0.9243303913774276,0.5649691634244033,2,2,0,0,0,0,0,0,0.07723333333333335,0.04665,0.04674999999999999,0.22693153613323305,11.808531864874878,1.6360722871578623
3re,2,"d=50, n_i=10",FACE-95,FPC,2.3387934996481503,0.8712,2.0162304451563577,0.9655389767334597,0.5649691634244033,2,2,0,0,0,0,0,0,0.05906666666666667,0.015658333333333337,0.016016666666666672,0.22693153613323305,10.306163433693186,1.7090118173549755
3re,2,"d=50, n_i=10",FACE-99,FPC,2.3387934996481503,0.8712,2.0162304451563577,0.9199883122778689,0.5649691634244033,2,2,0,0,0,0,0,0,0.05944166666666667,0.015291666666666667,0.015300000000000003,0.22693153613323305,10.306163433693186,1.6283867719463057
3re,2,"d=50, n_i=10",Goldsmith-95,Empirical,3.1720622241882555,0.7686,1.9580191751782632,1.146330925071708,0.5649691634244033,2,2,0,0,0,0,0,0,2.5633000000000004,2.53125,2.538183333333334,0.22693153613323305,13.9780582207222,2.0290150317648172
3re,2,"d=50, n_i=10",Goldsmith-99,Empirical,2.8527346391787316,0.9192,2.398573095063762,1.0611858412497173,0.5649691634244033,2,2,0,0,0,0,0,0,2.6146083333333334,2.5832249999999997,2.6339166666666665,0.22693153613323305,12.57090436960631,1.8783075430482519
3re,2,"d=50, n_i=10",HGAM-GS,Empirical,1.236349202934356,0.9508000000000001,1.0889986182740983,0.6289582902361651,0.5649691634244033,2,2,0,0,0,0,0,0,0.06414166666666668,0.022283333333333336,0.023633333333333336,0.22693153613323305,5.448115427238314,1.113261273277128
3re,2,"d=50, n_i=10",Local-GAM,Empirical,2.0987131845481333,0.6465,0.5592342388166361,0.7940295280197055,0.5649691634244033,2,2,0,0,0,0,0,0,0.05473333333333334,0.013966666666666676,0.01438333333333334,0.22693153613323305,9.248221821915331,1.4054387025424833
3re,2,"d=50, n_i=10",Oracle-GP,Individual,0.22693153613323305,0.9514,0.2457218619523702,NA,0.5649691634244033,2,2,0,0,0,0,0,0,0.03282500000000001,1.666666666666483e-5,1.6666666666672234e-5,0.22693153613323305,1,NA
3re,2,"d=50, n_i=10",PACE-AIC-GCV,FPC,2.7357284796650334,0.71,1.8555723209320245,0.9863800886172502,0.5649691634244033,2,2,0,0,0,0,0,0,0.20234166666666667,0.15480833333333335,0.1629666666666667,0.22693153613323305,12.055303226162751,1.7459007543678702
3re,2,"d=50, n_i=10",PACE-AIC-default,FPC,2.743293401517216,0.7021999999999999,1.7863541006022237,0.9996965128093217,0.5649691634244033,2,2,0,0,0,0,0,0,0.08744166666666667,0.02745833333333334,0.029466666666666662,0.22693153613323305,12.088638927234026,1.7694709331566694
3re,2,"d=50, n_i=10",PACE-BIC-GCV,FPC,2.7357284796650334,0.71,1.8555723209320245,0.9863800886172502,0.5649691634244033,2,2,0,0,0,0,0,0,0.2160166666666667,0.16130833333333333,0.16418333333333332,0.22693153613323305,12.055303226162751,1.7459007543678702
3re,2,"d=50, n_i=10",PACE-BIC-default,FPC,2.743293401517216,0.7021999999999999,1.7863541006022237,0.9996965128093217,0.5649691634244033,2,2,0,0,0,0,0,0,0.08814166666666667,0.029258333333333345,0.03711666666666667,0.22693153613323305,12.088638927234026,1.7694709331566694
3re,2,"d=50, n_i=10",PACE-FVE95-GCV,FPC,2.8216735863105717,0.6232,1.5653810643359636,1.018746300994786,0.5649691634244033,2,2,0,0,0,0,0,0,0.20628333333333332,0.15909166666666666,0.16296666666666668,0.22693153613323305,12.434030255953267,1.8031892126995726
3re,2,"d=50, n_i=10",PACE-FVE95-default,FPC,2.8297055058076532,0.6155999999999999,1.5120398116246587,1.0302017366977618,0.5649691634244033,2,2,0,0,0,0,0,0,0.07765,0.029374999999999995,0.02938333333333333,0.22693153613323305,12.469423836034467,1.8234654267738806
3re,2,"d=50, n_i=10",PACE-FVE99-GCV,FPC,2.7357284796650334,0.71,1.8555723209320245,0.9863800886172502,0.5649691634244033,2,2,0,0,0,0,0,0,0.20160833333333333,0.1514916666666667,0.1534,0.22693153613323305,12.055303226162751,1.7459007543678702
3re,2,"d=50, n_i=10",PACE-FVE99-default,FPC,2.743293401517216,0.7021999999999999,1.7863541006022237,0.9996965128093217,0.5649691634244033,2,2,0,0,0,0,0,0,0.07540833333333333,0.02388333333333334,0.026266666666666674,0.22693153613323305,12.088638927234026,1.7694709331566694
3re,2,"d=50, n_i=10",PACE-Oracle-GCV,FPC,2.7357284796650334,0.71,1.8555723209320245,0.9863800886172502,0.5649691634244033,2,2,0,0,0,0,0,0,0.20745,0.15839999999999999,0.16093333333333332,0.22693153613323305,12.055303226162751,1.7459007543678702
3re,2,"d=50, n_i=10",PACE-Oracle-default,FPC,2.743293401517216,0.7021999999999999,1.7863541006022237,0.9996965128093217,0.5649691634244033,2,2,0,0,0,0,0,0,0.07217499999999999,0.02175833333333333,0.025483333333333334,0.22693153613323305,12.088638927234026,1.7694709331566694
3re,2,"d=50, n_i=10",bayesFPCA-Oracle,FPC,0.9880224820160106,0.8481000000000001,0.9337686570454791,0.4356691670169677,0.5649691634244033,2,2,0,0,0,0,0,0,1.5529333333333335,1.4917666666666667,1.5118666666666667,0.22693153613323305,4.353835076654732,0.7711379580016019
3re,2,"d=50, n_i=10",bayesFPCA-PVE95-L15,FPC,3.523899354578257,0.8364,3.353094777471897,1.0596437590408385,0.44052160596467915,2,1,0,0,0,0,0.5,0,9.105833333333333,9.050216666666667,9.050216666666667,0.22693153613323305,15.528469134890761,2.405429710355229
3re,2,"d=50, n_i=10",bayesFPCA-PVE99-L15,FPC,3.523899354578257,0.8364,3.353094777471897,1.0596437590408385,0.44052160596467915,2,1,0,0,0,0,0.5,0,9.138250000000001,9.0825,9.0825,0.22693153613323305,15.528469134890761,2.405429710355229
3re,3,"d=200, n_i=5",AdaStruMM,FPC,0.5063558356472078,0.959975,0.5625785853277387,0.48002629313368983,0.3491254597740694,2,2,0,0,0,0,0,0,1.6887,0.11945833333333333,0.13221666666666668,0.45262649068069866,1.1187057012189152,1.3749392365836932
3re,3,"d=200, n_i=5",Di-95,Empirical,3.77509534779674,0,0,0.8941014685853657,0.3491254597740694,2,2,0,0,0,0,0,0,0.21435,0.163075,0.16831666666666667,0.45262649068069866,8.340420690179727,2.56097469707299
3re,3,"d=200, n_i=5",Di-99,Empirical,6.974624703934064,0,0,1.8189881096251537,0.3312439145776431,2,2,0.5,0,0,0,0,0,0.19770000000000004,0.15770833333333334,0.15816666666666668,0.45262649068069866,15.409227801592046,5.491385741967451
3re,3,"d=200, n_i=5",Di-Oracle,Empirical,4.240415808242515,0,0,1.032473455609413,0.3491254597740694,2,2,0,0,0,0,0,0,0.20618333333333333,0.15387500000000004,0.15390000000000004,0.45262649068069866,9.3684658223724675,2.957313557932901
3re,3,"d=200, n_i=5",FACE-95,FPC,2.7352126329897657,0.910425,2.9625304247801347,0.8726034333962354,0.3491254597740694,2,2,0,0,0,0,0,0,0.176925,0.061075000000000004,0.06556666666666669,0.45262649068069866,6.042979563295815,2.4993978782324437
3re,3,"d=200, n_i=5",FACE-99,FPC,2.7352126329897657,0.910425,2.9625304247801347,0.7942960913906797,0.3491254597740694,2,2,0,0,0,0,0,0,0.22694999999999999,0.07930833333333334,0.093,0.45262649068069866,6.042979563295815,2.2751021707345402
3re,3,"d=200, n_i=5",Goldsmith-95,NA,NA,NA,NA,NA,NA,2,0,0,0,0,1,0,0,NA,NA,NA,0.45262649068069866,NA,NA
3re,3,"d=200, n_i=5",Goldsmith-99,NA,NA,NA,NA,NA,NA,2,0,0,0,0,1,0,0,NA,NA,NA,0.45262649068069866,NA,NA
3re,3,"d=200, n_i=5",HGAM-GS,Empirical,3.284887029008066,0.9467,2.6395300544181604,0.7592976267577354,0.3491254597740694,2,2,0,0,0,0,0,0,0.7536333333333334,0.6216333333333334,0.66605,0.45262649068069866,7.257390136551598,2.17485607394288
3re,3,"d=200, n_i=5",Local-GAM,Empirical,5.772001704324232,0.36405,1.1129258046595674,1.2547107073233066,0.3491254597740694,2,2,0,0,0,0,0,0,0.14734166666666668,0.06290833333333333,0.0641,0.45262649068069866,12.752240143178097,3.5938676833688135
3re,3,"d=200, n_i=5",Oracle-GP,Individual,0.45262649068069866,0.94725,0.47975314426288695,NA,0.3491254597740694,2,2,0,0,0,0,0,0,0.062491666666666675,2.5000000000000946e-5,3.333333333332966e-5,0.45262649068069866,1,NA
3re,3,"d=200, n_i=5",PACE-AIC-GCV,FPC,2.8730454812496,0.903525,3.437756079490005,0.8364314946146851,0.3491254597740694,2,2,0,0,0,0,0,0,0.6932,0.3125833333333333,0.31315000000000004,0.45262649068069866,6.34749741874115,2.3957905996198834
3re,3,"d=200, n_i=5",PACE-AIC-default,FPC,2.7937691672788967,0.889575,3.3656508697345835,0.839803155479209,0.3491254597740694,2,2,0,0,0,0,0,0,0.45115833333333333,0.04879999999999999,0.05091666666666666,0.45262649068069866,6.172350105000231,2.4054480473084756
3re,3,"d=200, n_i=5",PACE-BIC-GCV,FPC,2.8730454812496,0.903525,3.437756079490005,0.8364314946146851,0.3491254597740694,2,2,0,0,0,0,0,0,0.6922666666666667,0.309675,0.31023333333333336,0.45262649068069866,6.34749741874115,2.3957905996198834
3re,3,"d=200, n_i=5",PACE-BIC-default,FPC,2.7937691672788967,0.889575,3.3656508697345835,0.839803155479209,0.3491254597740694,2,2,0,0,0,0,0,0,0.42824166666666663,0.04425833333333333,0.04661666666666666,0.45262649068069866,6.172350105000231,2.4054480473084756
3re,3,"d=200, n_i=5",PACE-FVE95-GCV,FPC,3.162717260984412,0.723875,2.3981463810470443,0.9525332119855525,0.3491254597740694,2,2,0,0,0,0,0,0,0.63005,0.31085833333333335,0.3108666666666667,0.45262649068069866,6.987477149709125,2.7283407305842666
3re,3,"d=200, n_i=5",PACE-FVE95-default,FPC,2.966207806261505,0.82295,2.8635819666791713,0.9063574155621321,0.3491254597740694,2,2,0,0,0,0,0,0,0.42575833333333335,0.04873333333333332,0.049033333333333325,0.45262649068069866,6.55332347384411,2.5960794040877624
3re,3,"d=200, n_i=5",PACE-FVE99-GCV,FPC,2.8730454812496,0.903525,3.437756079490005,0.8364314946146851,0.3491254597740694,2,2,0,0,0,0,0,0,0.609325,0.25512500000000005,0.2551333333333333,0.45262649068069866,6.34749741874115,2.3957905996198834
3re,3,"d=200, n_i=5",PACE-FVE99-default,FPC,2.775654965352806,0.9457249999999999,3.7953078524817316,0.818419944992547,0.3491254597740694,2,2,0,0,0,0,0,0,0.44042499999999996,0.04603333333333333,0.04603333333333333,0.45262649068069866,6.132329906671033,2.3442001208453074
3re,3,"d=200, n_i=5",PACE-Oracle-GCV,FPC,2.8730454812496,0.903525,3.437756079490005,0.8364314946146851,0.3491254597740694,2,2,0,0,0,0,0,0,0.6231916666666667,0.26303333333333334,0.2752,0.45262649068069866,6.34749741874115,2.3957905996198834
3re,3,"d=200, n_i=5",PACE-Oracle-default,FPC,2.775654965352806,0.9457249999999999,3.7953078524817316,0.818419944992547,0.3491254597740694,2,2,0,0,0,0,0,0,0.42601666666666665,0.041441666666666654,0.04168333333333332,0.45262649068069866,6.132329906671033,2.3442001208453074
3re,3,"d=200, n_i=5",bayesFPCA-Oracle,FPC,1.1753906474255136,0.9634750000000001,1.4527337101066253,0.39719343169794397,0.3491254597740694,2,2,0,0,0,0,0,0,2.220375,2.116766666666667,3.7285166666666667,0.45262649068069866,2.5968224830540962,1.1376810844874532
3re,3,"d=200, n_i=5",bayesFPCA-PVE95-L15,FPC,3.4635422049207873,0.852875,4.3284375768010985,1.0935956434934286,0.3491254597740694,2,2,0,0,0,0,0,0,31.127166666666668,31.033391666666667,46.48278333333334,0.45262649068069866,7.652097869287355,3.132385831159751
3re,3,"d=200, n_i=5",bayesFPCA-PVE99-L15,FPC,3.4635422049207873,0.852875,4.3284375768010985,1.0935956434934286,0.3491254597740694,2,2,0,0,0,0,0,0,31.208225000000002,31.117416666666667,46.607883333333334,0.45262649068069866,7.652097869287355,3.132385831159751
3re,4,"d=500, n_i=2",AdaStruMM,FPC,2.8705603364427597,0.96286,3.0779873240257283,0.2305749276499363,0.199745310933806,2,2,0,0,0,0,0,0,4.241,0.11266666666666664,0.12376666666666664,2.734822681041039,1.0496330735965853,1.1543446330329477
3re,4,"d=500, n_i=2",Di-95,NA,NA,NA,NA,NA,NA,2,2,1,0,0,0,0,0,0.23439166666666666,0.15758333333333335,0.16110000000000005,2.734822681041039,NA,NA
3re,4,"d=500, n_i=2",Di-99,NA,NA,NA,NA,NA,NA,2,2,1,0,0,0,0,0,0.2313,0.15379166666666666,0.15404999999999996,2.734822681041039,NA,NA
3re,4,"d=500, n_i=2",Di-Oracle,NA,NA,NA,NA,NA,NA,2,2,1,0,0,0,0,0,0.229425,0.15255833333333335,0.15375,2.734822681041039,NA,NA
3re,4,"d=500, n_i=2",FACE-95,FPC,4.211777884898918,0.96121,5.337959699395494,1.1351759803249437,0.199745310933806,2,2,0,0,0,0,0,0,0.5339916666666666,0.207175,0.27999999999999997,2.734822681041039,1.5400551977635568,5.683117040485281
3re,4,"d=500, n_i=2",FACE-99,FPC,4.211777884898918,0.96121,5.337959699395494,1.0620183829916476,0.199745310933806,2,2,0,0,0,0,0,0,0.5548250000000001,0.20473333333333332,0.20578333333333335,2.734822681041039,1.5400551977635568,5.3168626488738555
3re,4,"d=500, n_i=2",Goldsmith-95,NA,NA,NA,NA,NA,NA,2,0,0,0,0,1,0,0,NA,NA,NA,2.734822681041039,NA,NA
3re,4,"d=500, n_i=2",Goldsmith-99,NA,NA,NA,NA,NA,NA,2,0,0,0,0,1,0,0,NA,NA,NA,2.734822681041039,NA,NA
3re,4,"d=500, n_i=2",HGAM-GS,Empirical,6.246015985463026,0.79701,4.33947998953332,1.2877539758218524,0.199745310933806,2,2,0,0,0,0,0,0,9.101216666666666,7.937716666666667,9.36115,2.734822681041039,2.283883349645694,6.446979755377606
3re,4,"d=500, n_i=2",Local-GAM,NA,NA,NA,NA,NA,NA,2,2,1,0,0,0,0,0,0.05145833333333334,5.50000000000006e-4,5.500000000000208e-4,2.734822681041039,NA,NA
3re,4,"d=500, n_i=2",Oracle-GP,Individual,2.734822681041039,0.95035,2.7054872377591495,NA,0.199745310933806,2,2,0,0,0,0,0,0,0.06755,1.6666666666657428e-5,1.6666666666657428e-5,2.734822681041039,1,NA
3re,4,"d=500, n_i=2",PACE-AIC-GCV,FPC,4.409046503466062,0.80477,4.146660507597693,1.0070114849202774,0.199745310933806,2,2,0,0,0,0,0,0,1.6712,0.27638333333333337,0.30578333333333335,2.734822681041039,1.612187339980562,5.041477470547446
3re,4,"d=500, n_i=2",PACE-AIC-default,FPC,4.2636515969465485,0.9000699999999999,5.318518030173625,1.0369882470483265,0.199745310933806,2,2,0,0,0,0,0,0,1.9635583333333333,0.20265833333333336,0.2026666666666667,2.734822681041039,1.5590230498320807,5.191552393397491
3re,4,"d=500, n_i=2",PACE-BIC-GCV,FPC,4.409046503466062,0.80477,4.146660507597693,1.0070114849202774,0.199745310933806,2,2,0,0,0,0,0,0,1.7463083333333334,0.30613333333333337,0.30663333333333337,2.734822681041039,1.612187339980562,5.041477470547446
3re,4,"d=500, n_i=2",PACE-BIC-default,FPC,4.2636515969465485,0.9000699999999999,5.318518030173625,1.0369882470483265,0.199745310933806,2,2,0,0,0,0,0,0,2.0689666666666664,0.20850000000000002,0.21408333333333338,2.734822681041039,1.5590230498320807,5.191552393397491
3re,4,"d=500, n_i=2",PACE-FVE95-GCV,FPC,4.385792428674535,0.87888,5.057897837562216,0.959490597747353,0.199745310933806,2,2,0,0,0,0,0,0,1.7309916666666667,0.16998333333333332,0.24408333333333332,2.734822681041039,1.6036843847605642,4.8035700726177275
3re,4,"d=500, n_i=2",PACE-FVE95-default,FPC,4.24293788969288,0.92914,6.041137341454272,1.0002833062245298,0.199745310933806,2,2,0,0,0,0,0,0,2.089758333333333,0.14127499999999998,0.19881666666666667,2.734822681041039,1.5514489912295744,5.007793682606225
3re,4,"d=500, n_i=2",PACE-FVE99-GCV,FPC,4.3475525326295585,0.9669,6.881824234507392,0.8260363999180506,0.199745310933806,2,2,0,0,0,0,0,0,2.5541,0.2713916666666667,0.27144999999999997,2.734822681041039,1.5897017977687011,4.135448266877176
3re,4,"d=500, n_i=2",PACE-FVE99-default,FPC,4.151902385295719,0.97879,7.859024795546758,0.972436713383049,0.199745310933806,2,2,0,0,0,0,0,0,2.4000916666666665,0.16134166666666666,0.16135000000000002,2.734822681041039,1.518161456711063,4.86838318675379
3re,4,"d=500, n_i=2",PACE-Oracle-GCV,FPC,4.3475525326295585,0.9669,6.881824234507392,0.8260363999180506,0.199745310933806,2,2,0,0,0,0,0,0,2.2456666666666667,0.23736666666666667,0.23738333333333334,2.734822681041039,1.5897017977687011,4.135448266877176
3re,4,"d=500, n_i=2",PACE-Oracle-default,FPC,4.151902385295719,0.97879,7.859024795546758,0.972436713383049,0.199745310933806,2,2,0,0,0,0,0,0,2.418383333333333,0.18019166666666664,0.18021666666666666,2.734822681041039,1.518161456711063,4.86838318675379
3re,4,"d=500, n_i=2",bayesFPCA-Oracle,FPC,3.5973346674714057,0.8402700000000001,3.0845220357659873,0.7595752212905889,0.199745310933806,2,2,0,0,0,0,0,0,1.9271583333333333,1.7554083333333332,2.3400166666666666,2.734822681041039,1.3153813197505158,3.802718660776503
3re,4,"d=500, n_i=2",bayesFPCA-PVE95-L15,FPC,4.8363765338264875,0.86486,5.388229545681261,1.179862295690515,0.18371177902330257,2,1,0,0,0,0,0.5,0,13.7544,13.595049999999999,13.595049999999999,2.734822681041039,1.7684424541870005,6.422355180289542
3re,4,"d=500, n_i=2",bayesFPCA-PVE99-L15,FPC,4.8363765338264875,0.86486,5.388229545681261,1.179862295690515,0.18371177902330257,2,1,0,0,0,0,0.5,0,14.471366666666666,14.299583333333334,14.299583333333334,2.734822681041039,1.7684424541870005,6.422355180289542
3re,5,"d=500, n_i=10",AdaStruMM,FPC,0.2297060793675332,0.9341299999999999,0.24344554063475587,0.1568150849959368,0.19610218264327117,2,2,0,0,0,0,0,0,4.708333333333334,0.36844166666666667,0.3753666666666666,0.2247278895668049,1.0221520782770865,0.7996600694710196
3re,5,"d=500, n_i=10",Di-95,NA,NA,NA,NA,NA,NA,2,0,0,0,0,1,0,0,NA,NA,NA,0.2247278895668049,NA,NA
3re,5,"d=500, n_i=10",Di-99,NA,NA,NA,NA,NA,NA,2,0,0,0,0,1,0,0,NA,NA,NA,0.2247278895668049,NA,NA
3re,5,"d=500, n_i=10",Di-Oracle,NA,NA,NA,NA,NA,NA,2,0,0,0,0,1,0,0,NA,NA,NA,0.2247278895668049,NA,NA
3re,5,"d=500, n_i=10",FACE-95,FPC,0.8814237817727645,0.9974700000000001,1.7711488100706574,0.3914396619727334,0.19610218264327117,2,2,0,0,0,0,0,0,0.4068583333333334,0.16768333333333332,0.1677,0.2247278895668049,3.922182437933426,1.9961004854535453
3re,5,"d=500, n_i=10",FACE-99,FPC,0.8814237817727645,0.9974700000000001,1.7711488100706574,0.5293607022964333,0.19610218264327117,2,2,0,0,0,0,0,0,0.4751916666666667,0.19478333333333334,0.22275,0.2247278895668049,3.922182437933426,2.6994125978668557
3re,5,"d=500, n_i=10",Goldsmith-95,NA,NA,NA,NA,NA,NA,2,0,0,0,0,1,0,0,NA,NA,NA,0.2247278895668049,NA,NA
3re,5,"d=500, n_i=10",Goldsmith-99,NA,NA,NA,NA,NA,NA,2,0,0,0,0,1,0,0,NA,NA,NA,0.2247278895668049,NA,NA
3re,5,"d=500, n_i=10",HGAM-GS,Empirical,1.3439104138741647,0.9595899999999999,1.0474034524793745,0.3581293265918808,0.19610218264327117,2,2,0,0,0,0,0,0,18.144350000000003,16.986833333333333,18.01471666666667,0.2247278895668049,5.980167465928434,1.8262383506630961
3re,5,"d=500, n_i=10",Local-GAM,Empirical,2.1186743328467132,0.63559,0.5135891272099922,0.5262453060627071,0.19610218264327117,2,2,0,0,0,0,0,0,0.2735916666666667,0.14196666666666669,0.1673,0.2247278895668049,9.427732076026526,2.6835260014418005
3re,5,"d=500, n_i=10",Oracle-GP,Individual,0.2247278895668049,0.9440299999999999,0.24389585796383045,NA,0.19610218264327117,2,2,0,0,0,0,0,0,0.08045833333333333,3.333333333333706e-5,3.333333333334447e-5,0.2247278895668049,1,NA
3re,5,"d=500, n_i=10",PACE-AIC-GCV,FPC,1.2072466115361304,0.96419,1.9722088956714816,0.47279993178102875,0.19610218264327117,2,2,0,0,0,0,0,0,11.467416666666667,8.96395,9.370166666666668,0.2247278895668049,5.372037328625614,2.410987605584674
3re,5,"d=500, n_i=10",PACE-AIC-default,FPC,1.3375012954289875,0.96592,2.227798233399001,0.4205008060058245,0.19610218264327117,2,2,0,0,0,0,0,0,6.330866666666667,3.874375,3.8744333333333336,0.2247278895668049,5.951648004202826,2.1442943690777585
3re,5,"d=500, n_i=10",PACE-BIC-GCV,FPC,1.2072466115361304,0.96419,1.9722088956714816,0.47279993178102875,0.19610218264327117,2,2,0,0,0,0,0,0,11.763083333333334,9.273358333333334,9.290166666666668,0.2247278895668049,5.372037328625614,2.410987605584674
3re,5,"d=500, n_i=10",PACE-BIC-default,FPC,1.3375012954289875,0.96592,2.227798233399001,0.4205008060058245,0.19610218264327117,2,2,0,0,0,0,0,0,6.407716666666667,3.6193500000000003,3.8743833333333337,0.2247278895668049,5.951648004202826,2.1442943690777585
3re,5,"d=500, n_i=10",PACE-FVE95-GCV,FPC,1.943767521173354,0.65654,1.2585689013084567,0.6169516446135097,0.19610218264327117,2,2,0,0,0,0,0,0,17.070425,13.993883333333335,16.083083333333335,0.2247278895668049,8.64942720247248,3.1460722991329697
3re,5,"d=500, n_i=10",PACE-FVE95-default,FPC,2.4884324913400087,0.56293,1.288014190496292,0.7968973712052605,0.19610218264327117,2,2,0,0,0,0,0,0,5.672616666666666,3.8310833333333334,3.8694,0.2247278895668049,11.073091533662412,4.063684353044116
3re,5,"d=500, n_i=10",PACE-FVE99-GCV,FPC,1.2072466115361304,0.96419,1.9722088956714816,0.47279993178102875,0.19610218264327117,2,2,0,0,0,0,0,0,14.280566666666667,11.550158333333336,11.91306666666667,0.2247278895668049,5.372037328625614,2.410987605584674
3re,5,"d=500, n_i=10",PACE-FVE99-default,FPC,1.3375012954289875,0.96592,2.227798233399001,0.4205008060058245,0.19610218264327117,2,2,0,0,0,0,0,0,6.329291666666666,3.792675,3.7927833333333334,0.2247278895668049,5.951648004202826,2.1442943690777585
3re,5,"d=500, n_i=10",PACE-Oracle-GCV,FPC,1.2072466115361304,0.96419,1.9722088956714816,0.47279993178102875,0.19610218264327117,2,2,0,0,0,0,0,0,11.417191666666668,8.949733333333334,9.676833333333333,0.2247278895668049,5.372037328625614,2.410987605584674
3re,5,"d=500, n_i=10",PACE-Oracle-default,FPC,1.3375012954289875,0.96592,2.227798233399001,0.4205008060058245,0.19610218264327117,2,2,0,0,0,0,0,0,4.400733333333334,1.9962666666666666,1.9963333333333333,0.2247278895668049,5.951648004202826,2.1442943690777585
3re,5,"d=500, n_i=10",bayesFPCA-Oracle,FPC,3.3174938405702505,0.74996,2.335741236629937,0.45107523116542414,0.19610218264327117,2,2,0,0,0,0,0,0,1.2399166666666668,1.1158583333333334,1.6764000000000001,0.2247278895668049,14.762270259224138,2.3002050516998764
3re,5,"d=500, n_i=10",bayesFPCA-PVE95-L15,FPC,2.8816507394090376,0.7038,2.2105217357946643,0.8995359693293006,0.19610218264327117,2,2,0,0,0,0,0,0,137.02119166666665,136.90934166666668,218.06660000000002,0.2247278895668049,12.82284430723677,4.58707780405302
3re,5,"d=500, n_i=10",bayesFPCA-PVE99-L15,FPC,2.1041414899802735,0.88171,2.7153053699589442,0.617924249005397,0.19610218264327117,2,2,0,0,0,0,0,0,136.17600833333336,136.0640666666667,216.6511,0.2247278895668049,9.363063454368334,3.151031980758016
sitar,1,"d=50, n_i=2",AdaStruMM,FPC,6.627864336910854,0.9615,8.790336350553932,2.0173831954756194,1.2034866657483887,2,2,0,0,0,0,0,0,0.6653833333333334,0.01579166666666669,0.01615000000000002,3.4057063537737475,1.946105638134874,1.6762821333139648
sitar,1,"d=50, n_i=2",Di-95,Empirical,16.17016147690667,0.6688000000000001,9.814088895574763,5.482479320982215,1.2034866657483887,2,2,0,0,0,0,0,0,0.36940000000000006,0.0026583333333333255,0.002799999999999988,3.4057063537737475,4.747961156131111,4.555496522741224
sitar,1,"d=50, n_i=2",Di-99,Empirical,16.16898437067289,0.67490000000000006,9.923184566518687,5.482118220422224,1.2034866657483887,2,2,0,0,0,0,0,0,0.3075333333333334,0.0024583333333333176,0.0027833333333333004,3.4057063537737475,4.747615528495752,4.55519647740606
sitar,1,"d=50, n_i=2",FACE-95,FPC,12.618432899986713,0.8815999999999999,13.00924141612205,3.655065645471789,1.2034866657483887,2,2,0,0,0,0,0,0,0.4119333333333333,0.015449999999999993,0.01583333333333332,3.4057063537737475,3.7050854035036394,3.0370636829606124
sitar,1,"d=50, n_i=2",FACE-99,FPC,12.618432899986713,0.8815999999999999,13.00924141612205,3.6533249368991036,1.2034866657483887,2,2,0,0,0,0,0,0,0.43550000000000005,0.01767499999999999,0.02018333333333331,3.4057063537737475,3.7050854035036394,3.035617295042718
sitar,1,"d=50, n_i=2",Goldsmith-95,Empirical,16.90848871414065,0.8635999999999999,13.889792008412321,5.485154403228439,1.2034866657483887,2,2,0,0,0,0,0,0,0.691675,0.2247,0.24425000000000002,3.4057063537737475,4.96475237667068,4.5577192995466165
sitar,1,"d=50, n_i=2",Goldsmith-99,Empirical,16.95740685271982,0.8642000000000001,13.93776562061069,5.503161051477098,1.2034866657483887,2,2,0,0,0,0,0,0,0.6962416666666666,0.22371666666666665,0.24325,3.4057063537737475,4.979115957525197,4.5726813666480925
sitar,1,"d=50, n_i=2",HGAM-GS,Empirical,9.503505344328545,0.4824,4.1678335539505955,2.43073567337603,1.2034866657483887,2,2,0,0,0,0,0,0,0.4935833333333334,0.072775,0.13018333333333335,3.4057063537737475,2.7904652830089223,2.019744582599489
sitar,1,"d=50, n_i=2",Local-GAM,NA,NA,NA,NA,NA,NA,2,2,1,0,0,0,0,0,0.450175,2.249999999999493e-4,2.3333333333326324e-4,3.4057063537737475,NA,NA
sitar,1,"d=50, n_i=2",Oracle-SITAR,Individual,3.4057063537737475,0.9223,2.888522439480164,NA,1.2034866657483887,2,2,0,0,0,0,0,0,3.790116666666667,2.0363583333333333,2.0641833333333333,3.4057063537737475,1,NA
sitar,1,"d=50, n_i=2",PACE-AIC-GCV,FPC,8.733860142655818,0.7951,8.282607191324402,2.738644600837362,1.2034866657483887,2,2,0,0,0,0,0,0,0.31246666666666667,0.00885000000000001,0.011400000000000018,3.4057063537737475,2.5644783300175376,2.275591976861941
sitar,1,"d=50, n_i=2",PACE-AIC-default,FPC,14.405830510082966,0.8221,21.66781216342056,7.324692752260142,1.2034866657483887,2,2,0,0,0,0,0,0,0.3286583333333334,0.004974999999999981,0.005499999999999972,3.4057063537737475,4.2299097495943405,6.0862267615614
sitar,1,"d=50, n_i=2",PACE-BIC-GCV,FPC,8.733860142655818,0.7951,8.282607191324402,2.738644600837362,1.2034866657483887,2,2,0,0,0,0,0,0,0.32572500000000004,0.006616666666666671,0.006816666666666649,3.4057063537737475,2.5644783300175376,2.275591976861941
sitar,1,"d=50, n_i=2",PACE-BIC-default,FPC,14.405830510082966,0.8221,21.66781216342056,7.324692752260142,1.2034866657483887,2,2,0,0,0,0,0,0,0.34475,0.004758333333333345,0.004833333333333319,3.4057063537737475,4.2299097495943405,6.0862267615614
sitar,1,"d=50, n_i=2",PACE-FVE95-GCV,FPC,8.733860142655818,0.7951,8.282607191324402,2.738644600837362,1.2034866657483887,2,2,0,0,0,0,0,0,0.2904,0.00631666666666666,0.00643333333333332,3.4057063537737475,2.5644783300175376,2.275591976861941
sitar,1,"d=50, n_i=2",PACE-FVE95-default,FPC,14.360312765677513,0.9991,54.93841107246436,9.430398608237518,1.2034866657483887,2,2,0,0,0,0,0,0,0.356925,0.006241666666666656,0.007850000000000001,3.4057063537737475,4.216544608951779,7.8358978762537594
sitar,1,"d=50, n_i=2",PACE-FVE99-GCV,FPC,8.733860142655818,0.7951,8.282607191324402,2.738644600837362,1.2034866657483887,2,2,0,0,0,0,0,0,0.31773333333333337,0.006066666666666709,0.006100000000000053,3.4057063537737475,2.5644783300175376,2.275591976861941
sitar,1,"d=50, n_i=2",PACE-FVE99-default,FPC,14.36855060308387,0.9995,64.40302815764487,9.598338284562905,1.2034866657483887,2,2,0,0,0,0,0,0,0.40689166666666665,0.005566666666666661,0.006199999999999998,3.4057063537737475,4.218963442682769,7.975442152983202
sitar,1,"d=50, n_i=2",SITAR,Empirical,69.46237759946342,NA,NA,21.69557368096558,0.6582746704378822,2,2,0.5,0,0.5,0,0,0,0.3270416666666667,0.07540833333333333,0.08310000000000001,3.4057063537737475,20.39587985103135,32.958238643048126
sitar,1,"d=50, n_i=2",bayesFPCA-PVE95-L15,FPC,15.307220758146356,0.7699,11.311082484981814,4.870566048936934,1.2034866657483887,2,2,0,0,0,0,0,0,6.708433333333334,6.313233333333334,7.22435,3.4057063537737475,4.494580321402326,4.047046126521202
sitar,1,"d=50, n_i=2",bayesFPCA-PVE99-L15,FPC,15.307220758146356,0.7699,11.311082484981814,4.870566048936934,1.2034866657483887,2,2,0,0,0,0,0,0,6.69865,6.299108333333334,7.2244,3.4057063537737475,4.494580321402326,4.047046126521202
sitar,2,"d=50, n_i=10",AdaStruMM,FPC,0.9968527220671523,0.9465,1.2182056557533314,1.105484371627685,1.2034866657483887,2,2,0,0,0,0,0,0,0.9721583333333335,0.12603333333333341,0.14570000000000008,0.7230686285675229,1.3786419195671997,0.9185680266264015
sitar,2,"d=50, n_i=10",Di-95,Empirical,5.29586032757459,0.5367,2.271954910360737,2.0782809946547736,1.2034866657483887,2,2,0,0,0,0,0,0,0.35883333333333334,0.026949999999999984,0.027016666666666644,0.7230686285675229,7.324146171389377,1.726883274907241
sitar,2,"d=50, n_i=10",Di-99,Empirical,3.4785984639927783,0.4669,1.949816486771408,1.6668190298923231,1.2034866657483887,2,2,0,0,0,0,0,0,0.3483833333333333,0.026483333333333338,0.027066666666666704,0.7230686285675229,4.810882849231418,1.3849916890070493
sitar,2,"d=50, n_i=10",FACE-95,FPC,1.6990676596802932,0.9648,2.4015877543273385,1.5135265901780182,1.2034866657483887,2,2,0,0,0,0,0,0,0.406675,0.019783333333333354,0.022700000000000033,0.7230686285675229,2.3498013778392375,1.2576180802442303
sitar,2,"d=50, n_i=10",FACE-99,FPC,1.6990676596802932,0.9648,2.4015877543273385,1.3258023686385616,1.2034866657483887,2,2,0,0,0,0,0,0,0.43171666666666664,0.016699999999999982,0.017049999999999996,0.7230686285675229,2.3498013778392375,1.1016344479513704
sitar,2,"d=50, n_i=10",Goldsmith-95,Empirical,5.590652835184055,0.8262,4.397902387972554,2.1550877407495985,1.2034866657483887,2,2,0,0,0,0,0,0,2.3375333333333335,1.9473916666666669,2.0450000000000004,0.7230686285675229,7.731842613971156,1.7907034635979588
sitar,2,"d=50, n_i=10",Goldsmith-99,Empirical,4.231720901961719,0.9178999999999999,4.631692578147242,1.8155372459951002,1.2034866657483887,2,2,0,0,0,0,0,0,2.5157749999999997,2.0376333333333334,2.0389166666666667,0.7230686285675229,5.852447104979808,1.5085644882206548
sitar,2,"d=50, n_i=10",HGAM-GS,Empirical,1.2066108005696479,0.9412,1.388956278301508,1.2268393276436667,1.2034866657483887,2,2,0,0,0,0,0,0,0.4098,0.008208333333333359,0.008366666666666708,0.7230686285675229,1.6687362069075993,1.0194041716953766
sitar,2,"d=50, n_i=10",Local-GAM,Empirical,1.3401725014335113,0.3029,0.4684522125170207,1.2361435579754347,1.2034866657483887,2,2,0,0,0,0,0,0,0.5086083333333333,0.016933333333333304,0.018299999999999983,0.7230686285675229,1.8534513163550437,1.0271352339468907
sitar,2,"d=50, n_i=10",Oracle-SITAR,Individual,0.7230686285675229,0.9470000000000001,0.8566430011936532,NA,1.2034866657483887,2,2,0,0,0,0,0,0,3.903225,2.1545250000000005,2.1706833333333337,0.7230686285675229,1,NA
sitar,2,"d=50, n_i=10",PACE-AIC-GCV,FPC,4.504833907977293,0.6806000000000001,2.9552677989585145,1.938137060991395,1.2034866657483887,2,2,0,0,0,0,0,0,0.62685,0.1301666666666667,0.13073333333333334,0.7230686285675229,6.2301609141885415,1.6104350103340477
sitar,2,"d=50, n_i=10",PACE-AIC-default,FPC,2.791258606873163,0.7130000000000001,1.7793844238256318,1.5441926003490656,1.2034866657483887,2,2,0,0,0,0,0,0,0.5098083333333334,0.013166666666666653,0.01318333333333328,0.7230686285675229,3.860295546776726,1.2830990523595114
sitar,2,"d=50, n_i=10",PACE-BIC-GCV,FPC,4.504833907977293,0.6806000000000001,2.9552677989585145,1.938137060991395,1.2034866657483887,2,2,0,0,0,0,0,0,0.6246333333333334,0.13058333333333327,0.13126666666666661,0.7230686285675229,6.2301609141885415,1.6104350103340477
sitar,2,"d=50, n_i=10",PACE-BIC-default,FPC,2.791258606873163,0.7130000000000001,1.7793844238256318,1.5441926003490656,1.2034866657483887,2,2,0,0,0,0,0,0,0.5078916666666666,0.013508333333333351,0.01361666666666667,0.7230686285675229,3.860295546776726,1.2830990523595114
sitar,2,"d=50, n_i=10",PACE-FVE95-GCV,FPC,6.535707584304654,0.3526,1.791913490344069,2.4117511542681385,1.2034866657483887,2,2,0,0,0,0,0,0,0.6124083333333334,0.13069166666666665,0.13140000000000002,0.7230686285675229,9.038848217288306,2.003969983970192
sitar,2,"d=50, n_i=10",PACE-FVE95-default,FPC,2.791258606873163,0.7130000000000001,1.7793844238256318,1.5441926003490656,1.2034866657483887,2,2,0,0,0,0,0,0,0.4319833333333334,0.01830000000000001,0.018666666666666682,0.7230686285675229,3.860295546776726,1.2830990523595114
sitar,2,"d=50, n_i=10",PACE-FVE99-GCV,FPC,4.504833907977293,0.6806000000000001,2.9552677989585145,1.938137060991395,1.2034866657483887,2,2,0,0,0,0,0,0,0.6237666666666667,0.1299583333333334,0.13071666666666673,0.7230686285675229,6.2301609141885415,1.6104350103340477
sitar,2,"d=50, n_i=10",PACE-FVE99-default,FPC,2.791258606873163,0.7130000000000001,1.7793844238256318,1.5441926003490656,1.2034866657483887,2,2,0,0,0,0,0,0,0.43234166666666674,0.015199999999999984,0.015683333333333317,0.7230686285675229,3.860295546776726,1.2830990523595114
sitar,2,"d=50, n_i=10",SITAR,Empirical,0.7387666182931989,NA,NA,1.2156223817994611,1.2034866657483887,2,2,0,0,1,0,0,0,0.49392500000000006,0.022258333333333328,0.04186666666666668,0.7230686285675229,1.021710234831755,1.0100837976825658
sitar,2,"d=50, n_i=10",bayesFPCA-PVE95-L15,FPC,4.969653763112819,0.8543000000000001,4.63416119347613,2.138827171716529,1.2034866657483887,2,2,0,0,0,0,0,0,12.596350000000001,12.196591666666666,19.610883333333334,0.7230686285675229,6.873004258196405,1.7771922469838903
sitar,2,"d=50, n_i=10",bayesFPCA-PVE99-L15,FPC,3.495624359234395,0.9112,5.194248524046769,1.7921527064757878,1.2034866657483887,2,2,0,0,0,0,0,0,12.570075,12.170091666666668,19.540466666666667,0.7230686285675229,4.834429570204982,1.4891338288001197
sitar,3,"d=200, n_i=5",AdaStruMM,FPC,1.4544218712676282,0.961125,1.7910217485645539,0.6246480872711632,0.6134349526859731,2,2,0,0,0,0,0,0,2.1574,0.2815416666666667,0.32751666666666673,1.004608328195304,1.4477501633700143,1.0182792560744907
sitar,3,"d=200, n_i=5",Di-95,Empirical,5.2604969335263805,0.895875,5.906021847201227,1.5545955505648812,0.6134349526859731,2,2,0,0,0,0,0,0,0.49495,0.10549999999999998,0.12704999999999997,1.004608328195304,5.236366040262109,2.534246775078535
sitar,3,"d=200, n_i=5",Di-99,Empirical,5.118417319790341,0.9103,6.14727688239587,1.47019886877141,0.6134349526859731,2,2,0,0,0,0,0,0,0.6311833333333334,0.1273583333333334,0.1273666666666667,1.004608328195304,5.094938172556419,2.3966662843941786
sitar,3,"d=200, n_i=5",FACE-95,FPC,2.415487557481161,0.7986500000000001,2.7988734795476655,1.9174048636903471,0.6134349526859731,2,2,0,0,0,0,0,0,0.5176416666666667,0.08317500000000001,0.08493333333333333,1.004608328195304,2.404407259713231,3.1256857068460793
sitar,3,"d=200, n_i=5",FACE-99,FPC,2.415487557481161,0.7986500000000001,2.7988734795476655,1.93452576032944,0.6134349526859731,2,2,0,0,0,0,0,0,0.36975,0.05448333333333337,0.05465000000000006,1.004608328195304,2.404407259713231,3.153595588022767
sitar,3,"d=200, n_i=5",Goldsmith-95,Empirical,10.377677477285046,0.9599,11.816723595258251,3.0815293961567183,0.6134349526859731,2,2,0,0,0,0,0,0,9.635258333333333,9.146066666666666,9.91665,1.004608328195304,10.330073110112163,5.02340041542139
sitar,3,"d=200, n_i=5",Goldsmith-99,Empirical,69.09121608621106,0.970625,65.71578552587,20.661956425169738,0.6134349526859731,2,2,0,0,0,0,0,0,10.423616666666668,9.93286666666667,9.938800000000002,1.004608328195304,68.7742816250864,33.682391808128536
sitar,3,"d=200, n_i=5",HGAM-GS,Empirical,2.701933410497595,0.9718,4.205785676439234,0.94001797418896,0.6134349526859731,2,2,0,0,0,0,0,0,1.1048083333333334,0.7330833333333333,0.7534,1.004608328195304,2.6895391314855965,1.5323841102842566
sitar,3,"d=200, n_i=5",Local-GAM,Empirical,7.190580738630359,0.664525,6.35290449392925,1.8847406957652446,0.6134349526859731,2,2,0,0,0,0,0,0,0.6295916666666668,0.11221666666666669,0.13755,1.004608328195304,7.1575961863143664,3.072437733638684
sitar,3,"d=200, n_i=5",Oracle-SITAR,Individual,1.004608328195304,0.942025,1.1959639989067794,NA,0.6134349526859731,2,2,0,0,0,0,0,0,13.252500000000001,7.699833333333333,7.70585,1.004608328195304,1,NA
sitar,3,"d=200, n_i=5",PACE-AIC-GCV,FPC,6.292874223516522,0.653375,3.5950747848192544,2.0257980611547657,0.6134349526859731,2,2,0,0,0,0,0,0,0.9166083333333332,0.17051666666666665,0.17443333333333336,1.004608328195304,6.264007620582991,3.302384470080568
sitar,3,"d=200, n_i=5",PACE-AIC-default,FPC,4.047102358555323,0.926125,5.067989355660552,1.4022301188657085,0.6134349526859731,2,2,0,0,0,0,0,0,0.8681416666666668,0.06056666666666667,0.06086666666666669,1.004608328195304,4.028537535444892,2.2858660282169017
sitar,3,"d=200, n_i=5",PACE-BIC-GCV,FPC,6.292874223516522,0.653375,3.5950747848192544,2.0257980611547657,0.6134349526859731,2,2,0,0,0,0,0,0,0.9136583333333334,0.1670416666666667,0.16716666666666669,1.004608328195304,6.264007620582991,3.302384470080568
sitar,3,"d=200, n_i=5",PACE-BIC-default,FPC,4.047102358555323,0.926125,5.067989355660552,1.4022301188657085,0.6134349526859731,2,2,0,0,0,0,0,0,0.8692666666666666,0.05647500000000001,0.06086666666666669,1.004608328195304,4.028537535444892,2.2858660282169017
sitar,3,"d=200, n_i=5",PACE-FVE95-GCV,FPC,6.7456828540972404,0.53205,2.8027465463117642,2.167104018632349,0.6134349526859731,2,2,0,0,0,0,0,0,0.869275,0.1637333333333333,0.16684999999999992,1.004608328195304,6.714739132429156,3.532736452566835
sitar,3,"d=200, n_i=5",PACE-FVE95-default,FPC,4.047102358555323,0.926125,5.067989355660552,1.4022301188657085,0.6134349526859731,2,2,0,0,0,0,0,0,0.8225499999999999,0.05349166666666664,0.05718333333333329,1.004608328195304,4.028537535444892,2.2858660282169017
sitar,3,"d=200, n_i=5",PACE-FVE99-GCV,FPC,6.292874223516522,0.653375,3.5950747848192544,2.0257980611547657,0.6134349526859731,2,2,0,0,0,0,0,0,0.9144083333333333,0.16334166666666666,0.16696666666666668,1.004608328195304,6.264007620582991,3.302384470080568
sitar,3,"d=200, n_i=5",PACE-FVE99-default,FPC,3.71859514532192,0.96885,6.618455071108318,1.5091051074161912,0.6134349526859731,2,2,0,0,0,0,0,0,0.82145,0.05143333333333334,0.05336666666666664,1.004608328195304,3.7015372468612413,2.4600898608865633
sitar,3,"d=200, n_i=5",SITAR,Empirical,1.0281842857678842,NA,NA,0.6219297383196596,0.6134349526859731,2,2,0,0,1,0,0,0,0.5867916666666666,0.10230000000000003,0.10365000000000002,1.004608328195304,1.0234678102011483,1.013847899596349
sitar,3,"d=200, n_i=5",bayesFPCA-PVE95-L15,FPC,3.021472039851422,0.763725,1.8407876620155026,1.0838278156874188,0.6134349526859731,2,2,0,0,0,0,0,0,115.81068333333334,115.46460833333333,119.10681666666667,1.004608328195304,3.0076119767783003,1.7668178360913305
sitar,3,"d=200, n_i=5",bayesFPCA-PVE99-L15,FPC,1.588611857812406,0.9652000000000001,2.1875722336568213,0.7098645500322561,0.6134349526859731,2,2,0,0,0,0,0,0,115.41054166666666,115.06306666666666,119.14625,1.004608328195304,1.5813245950949024,1.1571961247464926
sitar,4,"d=500, n_i=2",AdaStruMM,FPC,5.888824674425344,0.96129,7.501371127737265,1.2302218628926418,0.30327367754964113,2,2,0,0,0,0,0,0,4.442808333333334,0.30865833333333337,0.31798333333333334,3.4115613547113,1.7261377012296704,4.056474247394167
sitar,4,"d=500, n_i=2",Di-95,Empirical,8.015826363290213,0.94592,10.81720563700938,2.30554664700627,0.30327367754964113,2,2,0,0,0,0,0,0,0.48817499999999997,0.132025,0.14569999999999997,3.4115613547113,2.3496063912848912,7.602198336612608
sitar,4,"d=500, n_i=2",Di-99,Empirical,8.015826363290213,0.94592,10.81720563700938,2.30554664700627,0.30327367754964113,2,2,0,0,0,0,0,0,0.42741666666666667,0.11320000000000002,0.11883333333333337,3.4115613547113,2.3496063912848912,7.602198336612608
sitar,4,"d=500, n_i=2",FACE-95,FPC,7.654461914782498,0.9727,10.88695542978604,1.446807510190869,0.30327367754964113,2,2,0,0,0,0,0,0,0.6724333333333334,0.16590833333333332,0.18945,3.4115613547113,2.243682911993312,4.770633316681595
sitar,4,"d=500, n_i=2",FACE-99,FPC,7.654461914782498,0.9727,10.88695542978604,1.446807510190869,0.30327367754964113,2,2,0,0,0,0,0,0,0.9877749999999998,0.2787666666666666,0.3686833333333333,3.4115613547113,2.243682911993312,4.770633316681595
sitar,4,"d=500, n_i=2",Goldsmith-95,NA,NA,NA,NA,NA,NA,2,0,0,0,0,1,0,0,NA,NA,NA,3.4115613547113,NA,NA
sitar,4,"d=500, n_i=2",Goldsmith-99,NA,NA,NA,NA,NA,NA,2,0,0,0,0,1,0,0,NA,NA,NA,3.4115613547113,NA,NA
sitar,4,"d=500, n_i=2",HGAM-GS,Empirical,6.731688653098413,0.93414,7.870325402130131,1.643513630943951,0.30327367754964113,2,2,0,0,0,0,0,0,18.456091666666666,17.021816666666666,17.458266666666663,3.4115613547113,1.9731987653694345,5.419242593762308
sitar,4,"d=500, n_i=2",Local-GAM,NA,NA,NA,NA,NA,NA,2,2,1,0,0,0,0,0,0.33066666666666666,5.749999999999626e-4,6.333333333332784e-4,3.4115613547113,NA,NA
sitar,4,"d=500, n_i=2",Oracle-SITAR,Individual,3.4115613547113,0.93662,2.952290254314141,NA,0.30327367754964113,2,2,0,0,0,0,0,0,32.136275,18.931491666666666,18.93555,3.4115613547113,1,NA
sitar,4,"d=500, n_i=2",PACE-AIC-GCV,FPC,9.913834256882465,0.9596199999999999,13.865412316862837,2.1973766642818253,0.30327367754964113,2,2,0,0,0,0,0,0,1.982275,0.1486416666666667,0.14955,3.4115613547113,2.9059522095921424,7.245523851710306
sitar,4,"d=500, n_i=2",PACE-AIC-default,FPC,11.669992465685564,0.9312199999999999,15.014487886553837,2.44753349273332,0.30327367754964113,2,2,0,0,0,0,0,0,1.8412333333333333,0.09073333333333332,0.09168333333333335,3.4115613547113,3.4207189179140896,8.070378914875318
sitar,4,"d=500, n_i=2",PACE-BIC-GCV,FPC,9.913834256882465,0.9596199999999999,13.865412316862837,2.1973766642818253,0.30327367754964113,2,2,0,0,0,0,0,0,1.9492500000000001,0.12124166666666666,0.14849999999999994,3.4115613547113,2.9059522095921424,7.245523851710306
sitar,4,"d=500, n_i=2",PACE-BIC-default,FPC,11.669992465685564,0.9312199999999999,15.014487886553837,2.44753349273332,0.30327367754964113,2,2,0,0,0,0,0,0,1.8975916666666666,0.08755833333333332,0.09113333333333327,3.4115613547113,3.4207189179140896,8.070378914875318
sitar,4,"d=500, n_i=2",PACE-FVE95-GCV,FPC,9.913834256882465,0.9596199999999999,13.865412316862837,2.1973766642818253,0.30327367754964113,2,2,0,0,0,0,0,0,1.9813083333333337,0.14269166666666672,0.14636666666666673,3.4115613547113,2.9059522095921424,7.245523851710306
sitar,4,"d=500, n_i=2",PACE-FVE95-default,FPC,11.29370203547741,0.99977,47.17067349423174,4.6726181124536765,0.30327367754964113,2,2,0,0,0,0,0,0,3.340141666666667,0.08662499999999998,0.09253333333333327,3.4115613547113,3.3104203211473906,15.40726564272576
sitar,4,"d=500, n_i=2",PACE-FVE99-GCV,FPC,9.868279765405559,0.97515,15.59628429054309,2.003782305950665,0.30327367754964113,2,2,0,0,0,0,0,0,2.1770583333333335,0.13734166666666664,0.13854999999999992,3.4115613547113,2.8925992351794156,6.607175149985371
sitar,4,"d=500, n_i=2",PACE-FVE99-default,FPC,11.29005198019304,0.99983,53.02160738440915,4.823877867953622,0.30327367754964113,2,2,0,0,0,0,0,0,3.540208333333333,0.05895833333333333,0.059500000000000004,3.4115613547113,3.3093504135875196,15.90602226651876
sitar,4,"d=500, n_i=2",SITAR,NA,NA,NA,NA,NA,NA,2,2,1,0,0,0,0,0,0.8445916666666666,0.3689083333333334,0.4601666666666668,3.4115613547113,NA,NA
sitar,4,"d=500, n_i=2",bayesFPCA-PVE95-L15,FPC,7.4343100540614255,0.89914,7.99229658029866,2.135245462339288,0.30327367754964113,2,2,0,0,0,0,0,0,22.07058333333333,21.715758333333333,23.330116666666665,3.4115613547113,2.179151796228078,7.040655422493045
sitar,4,"d=500, n_i=2",bayesFPCA-PVE99-L15,FPC,7.4343100540614255,0.89914,7.99229658029866,2.135245462339288,0.30327367754964113,2,2,0,0,0,0,0,0,20.253041666666668,19.937808333333333,23.516166666666667,3.4115613547113,2.179151796228078,7.040655422493045
sitar,5,"d=500, n_i=10",AdaStruMM,FPC,0.9322756607077076,0.94741,1.1187336160480243,0.3164779994025177,0.30327367754964113,2,2,0,0,0,0,0,0,5.186116666666667,1.0408166666666667,1.3393666666666666,0.7080833353351266,1.3166185591226685,1.0435392941437036
sitar,5,"d=500, n_i=10",Di-95,NA,NA,NA,NA,NA,NA,2,0,0,0,0,1,0,0,NA,NA,NA,0.7080833353351266,NA,NA
sitar,5,"d=500, n_i=10",Di-99,NA,NA,NA,NA,NA,NA,2,0,0,0,0,1,0,0,NA,NA,NA,0.7080833353351266,NA,NA
sitar,5,"d=500, n_i=10",FACE-95,FPC,1.1262113563725795,0.97315,1.6144833756737245,0.9395333572746106,0.30327367754964113,2,2,0,0,0,0,0,0,0.70485,0.18636666666666668,0.18641666666666665,0.7080833353351266,1.5905067951352907,3.097971986443907
sitar,5,"d=500, n_i=10",FACE-99,FPC,1.1262113563725795,0.97315,1.6144833756737245,0.46388255171585624,0.30327367754964113,2,2,0,0,0,0,0,0,0.6714833333333333,0.17272500000000002,0.1727333333333333,0.7080833353351266,1.5905067951352907,1.5295839568533802
sitar,5,"d=500, n_i=10",Goldsmith-95,NA,NA,NA,NA,NA,NA,2,0,0,0,0,1,0,0,NA,NA,NA,0.7080833353351266,NA,NA
sitar,5,"d=500, n_i=10",Goldsmith-99,NA,NA,NA,NA,NA,NA,2,0,0,0,0,1,0,0,NA,NA,NA,0.7080833353351266,NA,NA
sitar,5,"d=500, n_i=10",HGAM-GS,Empirical,1.1985081110478102,0.9236800000000001,1.299338732757155,0.36336927266151103,0.30327367754964113,2,2,0,0,0,0,0,0,16.622633333333333,15.259933333333333,15.260449999999999,0.7080833353351266,1.6926088374620085,1.1981563174141059
sitar,5,"d=500, n_i=10",Local-GAM,Empirical,1.3206350184974625,0.28566,0.4430928018380703,0.39492121216918796,0.30327367754964113,2,2,0,0,0,0,0,0,0.5697833333333333,0.15999166666666667,0.16111666666666674,0.7080833353351266,1.865084168196704,1.3021941612606507
sitar,5,"d=500, n_i=10",Oracle-SITAR,Individual,0.7080833353351266,0.94974,0.856082243986575,NA,0.30327367754964113,2,2,0,0,0,0,0,0,32.896683333333335,19.712833333333336,19.72461666666667,0.7080833353351266,1,NA
sitar,5,"d=500, n_i=10",PACE-AIC-GCV,FPC,3.6007827381964614,0.70099,2.1968703401731156,1.1625223952049974,0.30327367754964113,2,2,0,0,0,0,0,0,12.780291666666667,10.66315,10.6633,0.7080833353351266,5.0852527640581435,3.8332452872198606
sitar,5,"d=500, n_i=10",PACE-AIC-default,FPC,3.2102250976164695,0.64481,1.650088309499126,1.031150018829957,0.30327367754964113,2,2,0,0,0,0,0,0,4.127549999999999,2.1375916666666672,2.137666666666667,0.7080833353351266,4.533682601211215,3.4000643483514126
sitar,5,"d=500, n_i=10",PACE-BIC-GCV,FPC,3.6007827381964614,0.70099,2.1968703401731156,1.1625223952049974,0.30327367754964113,2,2,0,0,0,0,0,0,12.750883333333334,10.5808,10.603983333333334,0.7080833353351266,5.0852527640581435,3.8332452872198606
sitar,5,"d=500, n_i=10",PACE-BIC-default,FPC,3.2102250976164695,0.64481,1.650088309499126,1.031150018829957,0.30327367754964113,2,2,0,0,0,0,0,0,4.106341666666666,2.106958333333333,2.108233333333333,0.7080833353351266,4.533682601211215,3.4000643483514126
sitar,5,"d=500, n_i=10",PACE-FVE95-GCV,FPC,5.22634539508215,0.49329,1.7428354750390418,1.6635000274604852,0.30327367754964113,2,2,0,0,0,0,0,0,12.662491666666668,10.673558333333332,10.67755,0.7080833353351266,7.380974998668186,5.485144773859236
sitar,5,"d=500, n_i=10",PACE-FVE95-default,FPC,3.2102250976164695,0.64481,1.650088309499126,1.031150018829957,0.30327367754964113,2,2,0,0,0,0,0,0,3.636925,1.5591333333333335,1.5664500000000001,0.7080833353351266,4.533682601211215,3.4000643483514126
sitar,5,"d=500, n_i=10",PACE-FVE99-GCV,FPC,3.6007827381964614,0.70099,2.1968703401731156,1.1625223952049974,0.30327367754964113,2,2,0,0,0,0,0,0,12.803716666666666,10.690516666666667,10.691466666666667,0.7080833353351266,5.0852527640581435,3.8332452872198606
sitar,5,"d=500, n_i=10",PACE-FVE99-default,FPC,3.2102250976164695,0.64481,1.650088309499126,1.031150018829957,0.30327367754964113,2,2,0,0,0,0,0,0,3.0939666666666668,1.1090083333333334,1.1160833333333333,0.7080833353351266,4.533682601211215,3.4000643483514126
sitar,5,"d=500, n_i=10",SITAR,Empirical,0.7091841869993077,NA,NA,0.3058683282969945,0.30327367754964113,2,2,0,0,1,0,0,0,0.450425,0.15038333333333337,0.15313333333333337,0.7080833353351266,1.0015546922364162,1.0085554762560252
sitar,5,"d=500, n_i=10",bayesFPCA-PVE95-L15,FPC,6.503206347789363,0.68112,3.6040500219935234,2.033326484686375,0.30327367754964113,2,2,0,0,0,0,0,0,48.95750833333334,48.59800833333333,53.8732,0.7080833353351266,9.184238666923973,6.704592700279935
sitar,5,"d=500, n_i=10",bayesFPCA-PVE99-L15,FPC,5.916782444462548,0.81721,4.8727405330900835,1.681883555236845,0.30327367754964113,2,2,0,0,0,0,0,0,47.990741666666665,47.6473,54.329899999999995,0.7080833353351266,8.356053799320405,5.545761731865262
